"dataset","corruption","pooling","seed","checkpoint","train_time_s","peak_memory_mb","auc","precision","recall","f1","fpr","tp","fp","tn","fn"
"streamspot","gaussian","global","0","reviewer_experiments\checkpoints\streamspot_gaussian_seed0.pt","41.50835919380188","3146.95068359375","0.9984999999999999","0.970873786407767","1.0","0.9852216743769564","0.03","100","3","97","0"
"streamspot","gaussian","typed","0","reviewer_experiments\checkpoints\streamspot_gaussian_seed0.pt","41.50835919380188","3146.95068359375","0.9551000000000001","0.9595959595959596","0.95","0.9547738688467462","0.04","95","4","96","5"
"streamspot","gaussian","global","1","reviewer_experiments\checkpoints\streamspot_gaussian_seed1.pt","40.7928671836853","3157.72412109375","0.969","0.9523809523809523","1.0","0.9756097555978583","0.05","100","5","95","0"
"streamspot","gaussian","typed","1","reviewer_experiments\checkpoints\streamspot_gaussian_seed1.pt","40.7928671836853","3157.72412109375","0.9833999999999999","0.979381443298969","0.95","0.964467004576258","0.02","95","2","98","5"
"streamspot","gaussian","global","2","reviewer_experiments\checkpoints\streamspot_gaussian_seed2.pt","42.020153284072876","3154.70849609375","0.999","0.9803921568627451","1.0","0.990099009401039","0.02","100","2","98","0"
"streamspot","gaussian","typed","2","reviewer_experiments\checkpoints\streamspot_gaussian_seed2.pt","42.020153284072876","3154.70849609375","0.9647","0.9693877551020408","0.95","0.9595959590960105","0.03","95","3","97","5"
"streamspot","gaussian","global","3","reviewer_experiments\checkpoints\streamspot_gaussian_seed3.pt","41.38842177391052","3166.72412109375","0.999","0.9803921568627451","1.0","0.990099009401039","0.02","100","2","98","0"
"streamspot","gaussian","typed","3","reviewer_experiments\checkpoints\streamspot_gaussian_seed3.pt","41.38842177391052","3166.72412109375","0.9816","0.9894736842105263","0.94","0.9641025636028927","0.01","94","1","99","6"
"streamspot","gaussian","global","4","reviewer_experiments\checkpoints\streamspot_gaussian_seed4.pt","41.49135994911194","3142.9248046875","0.979","0.9615384615384616","1.0","0.9803921563629372","0.04","100","4","96","0"
"streamspot","gaussian","typed","4","reviewer_experiments\checkpoints\streamspot_gaussian_seed4.pt","41.49135994911194","3142.9248046875","0.9511000000000001","0.9595959595959596","0.95","0.9547738688467462","0.04","95","4","96","5"
"streamspot","mask","global","0","reviewer_experiments\checkpoints\streamspot_mask_seed0.pt","42.63375520706177","3164.197265625","0.9894999999999999","0.9803921568627451","1.0","0.990099009401039","0.02","100","2","98","0"
"streamspot","mask","typed","0","reviewer_experiments\checkpoints\streamspot_mask_seed0.pt","42.63375520706177","3164.197265625","0.962","0.9693877551020408","0.95","0.9595959590960105","0.03","95","3","97","5"
"streamspot","mask","global","1","reviewer_experiments\checkpoints\streamspot_mask_seed1.pt","42.467976093292236","3164.47265625","0.96","0.9615384615384616","1.0","0.9803921563629372","0.04","100","4","96","0"
"streamspot","mask","typed","1","reviewer_experiments\checkpoints\streamspot_mask_seed1.pt","42.467976093292236","3164.47265625","0.9301","0.9223300970873787","0.95","0.935960590633114","0.08","95","8","92","5"
"streamspot","mask","global","2","reviewer_experiments\checkpoints\streamspot_mask_seed2.pt","42.54496359825134","3161.4521484375","0.9913","0.9900990099009901","1.0","0.9950248751219029","0.01","100","1","99","0"
"streamspot","mask","typed","2","reviewer_experiments\checkpoints\streamspot_mask_seed2.pt","42.54496359825134","3161.4521484375","0.9747000000000001","0.979381443298969","0.95","0.964467004576258","0.02","95","2","98","5"
"streamspot","mask","global","3","reviewer_experiments\checkpoints\streamspot_mask_seed3.pt","41.8032546043396","3171.73291015625","0.99","0.9900990099009901","1.0","0.9950248751219029","0.01","100","1","99","0"
"streamspot","mask","typed","3","reviewer_experiments\checkpoints\streamspot_mask_seed3.pt","41.8032546043396","3171.73291015625","0.9723","0.979381443298969","0.95","0.964467004576258","0.02","95","2","98","5"
"streamspot","mask","global","4","reviewer_experiments\checkpoints\streamspot_mask_seed4.pt","42.033862829208374","3149.212890625","0.98","0.9803921568627451","1.0","0.990099009401039","0.02","100","2","98","0"
"streamspot","mask","typed","4","reviewer_experiments\checkpoints\streamspot_mask_seed4.pt","42.033862829208374","3149.212890625","0.9679","0.9693877551020408","0.95","0.9595959590960105","0.03","95","3","97","5"
"streamspot","none","global","0","reviewer_experiments\checkpoints\streamspot_none_seed0.pt","41.60048270225525","3160.81298828125","0.9984999999999999","0.970873786407767","1.0","0.9852216743769564","0.03","100","3","97","0"
"streamspot","none","typed","0","reviewer_experiments\checkpoints\streamspot_none_seed0.pt","41.60048270225525","3160.81298828125","0.9635","0.9595959595959596","0.95","0.9547738688467462","0.04","95","4","96","5"
"streamspot","none","global","1","reviewer_experiments\checkpoints\streamspot_none_seed1.pt","41.99892044067383","3161.39794921875","0.96","0.9615384615384616","1.0","0.9803921563629372","0.04","100","4","96","0"
"streamspot","none","typed","1","reviewer_experiments\checkpoints\streamspot_none_seed1.pt","41.99892044067383","3161.39794921875","0.9524","0.9595959595959596","0.95","0.9547738688467462","0.04","95","4","96","5"
"streamspot","none","global","2","reviewer_experiments\checkpoints\streamspot_none_seed2.pt","42.629997968673706","3159.20068359375","0.999","0.9803921568627451","1.0","0.990099009401039","0.02","100","2","98","0"
"streamspot","none","typed","2","reviewer_experiments\checkpoints\streamspot_none_seed2.pt","42.629997968673706","3159.20068359375","0.9736","0.979381443298969","0.95","0.964467004576258","0.02","95","2","98","5"
"streamspot","none","global","3","reviewer_experiments\checkpoints\streamspot_none_seed3.pt","41.687790632247925","3171.40380859375","0.999","0.9803921568627451","1.0","0.990099009401039","0.02","100","2","98","0"
"streamspot","none","typed","3","reviewer_experiments\checkpoints\streamspot_none_seed3.pt","41.687790632247925","3171.40380859375","0.9821000000000001","0.9895833333333334","0.95","0.969387754602249","0.01","95","1","99","5"
"streamspot","none","global","4","reviewer_experiments\checkpoints\streamspot_none_seed4.pt","42.580710649490356","3145.65478515625","0.9895999999999999","0.9615384615384616","1.0","0.9803921563629372","0.04","100","4","96","0"
"streamspot","none","typed","4","reviewer_experiments\checkpoints\streamspot_none_seed4.pt","42.580710649490356","3145.65478515625","0.9575","0.95","0.95","0.9499999995","0.05","95","5","95","5"
"wget","gaussian","global","0","reviewer_experiments_wget_e5\checkpoints\wget_gaussian_seed0.pt","51.29714035987854","3750.39990234375","0.8672","0.9523809523809523","0.8","0.869565216895085","0.04","20","1","24","5"
"wget","gaussian","typed","0","reviewer_experiments_wget_e5\checkpoints\wget_gaussian_seed0.pt","51.29714035987854","3750.39990234375","0.8896","1.0","0.76","0.8636363631456612","0.0","19","0","25","6"
"wget","gaussian","global","1","reviewer_experiments_wget_e5\checkpoints\wget_gaussian_seed1.pt","52.024773359298706","3759.89208984375","0.8544","0.8695652173913043","0.8","0.8333333328342013","0.12","20","3","22","5"
"wget","gaussian","typed","1","reviewer_experiments_wget_e5\checkpoints\wget_gaussian_seed1.pt","52.024773359298706","3759.89208984375","0.8864000000000001","1.0","0.72","0.8372093018388317","0.0","18","0","25","7"
"wget","gaussian","global","2","reviewer_experiments_wget_e5\checkpoints\wget_gaussian_seed2.pt","52.216307640075684","3761.68310546875","0.7856","0.7407407407407407","0.8","0.7692307687315088","0.28","20","7","18","5"
"wget","gaussian","typed","2","reviewer_experiments_wget_e5\checkpoints\wget_gaussian_seed2.pt","52.216307640075684","3761.68310546875","0.84","0.8","0.8","0.7999999995000001","0.2","20","5","20","5"
"wget","gaussian","global","3","reviewer_experiments_wget_e5\checkpoints\wget_gaussian_seed3.pt","52.10417985916138","3760.2763671875","0.8656","0.8333333333333334","0.8","0.8163265301124533","0.16","20","4","21","5"
"wget","gaussian","typed","3","reviewer_experiments_wget_e5\checkpoints\wget_gaussian_seed3.pt","52.10417985916138","3760.2763671875","0.904","0.7931034482758621","0.92","0.8518518513545954","0.24","23","6","19","2"
"wget","gaussian","global","4","reviewer_experiments_wget_e5\checkpoints\wget_gaussian_seed4.pt","52.601712703704834","3761.09375","0.7968","0.8","0.8","0.7999999995000001","0.2","20","5","20","5"
"wget","gaussian","typed","4","reviewer_experiments_wget_e5\checkpoints\wget_gaussian_seed4.pt","52.601712703704834","3761.09375","0.8575999999999999","0.9473684210526315","0.72","0.8181818176911155","0.04","18","1","24","7"
"wget","mask","global","0","reviewer_experiments_wget_e5\checkpoints\wget_mask_seed0.pt","51.18871355056763","3768.357421875","0.8848","0.8695652173913043","0.8","0.8333333328342013","0.12","20","3","22","5"
"wget","mask","typed","0","reviewer_experiments_wget_e5\checkpoints\wget_mask_seed0.pt","51.18871355056763","3768.357421875","0.9264","0.9565217391304348","0.88","0.9166666661675347","0.04","22","1","24","3"
"wget","mask","global","1","reviewer_experiments_wget_e5\checkpoints\wget_mask_seed1.pt","50.112430572509766","3768.20556640625","0.8368","0.75","0.84","0.7924528296902813","0.28","21","7","18","4"
"wget","mask","typed","1","reviewer_experiments_wget_e5\checkpoints\wget_mask_seed1.pt","50.112430572509766","3768.20556640625","0.8816","1.0","0.72","0.8372093018388317","0.0","18","0","25","7"
"wget","mask","global","2","reviewer_experiments_wget_e5\checkpoints\wget_mask_seed2.pt","50.46296668052673","3767.67041015625","0.7808","0.5897435897435898","0.92","0.7187499995239257","0.64","23","16","9","2"
"wget","mask","typed","2","reviewer_experiments_wget_e5\checkpoints\wget_mask_seed2.pt","50.46296668052673","3767.67041015625","0.8448","0.9047619047619048","0.76","0.8260869560255198","0.08","19","2","23","6"
"wget","mask","global","3","reviewer_experiments_wget_e5\checkpoints\wget_mask_seed3.pt","50.49232745170593","3766.56103515625","0.8623999999999999","0.8695652173913043","0.8","0.8333333328342013","0.12","20","3","22","5"
"wget","mask","typed","3","reviewer_experiments_wget_e5\checkpoints\wget_mask_seed3.pt","50.49232745170593","3766.56103515625","0.9056","0.9090909090909091","0.8","0.8510638292892712","0.08","20","2","23","5"
"wget","mask","global","4","reviewer_experiments_wget_e5\checkpoints\wget_mask_seed4.pt","50.58719992637634","3768.375","0.768","0.8","0.8","0.7999999995000001","0.2","20","5","20","5"
"wget","mask","typed","4","reviewer_experiments_wget_e5\checkpoints\wget_mask_seed4.pt","50.58719992637634","3768.375","0.8656","0.8076923076923077","0.84","0.823529411264898","0.2","21","5","20","4"
"wget","none","global","0","reviewer_experiments_wget_e5\checkpoints\wget_none_seed0.pt","49.44030284881592","3765.90087890625","0.8623999999999999","0.9473684210526315","0.72","0.8181818176911155","0.04","18","1","24","7"
"wget","none","typed","0","reviewer_experiments_wget_e5\checkpoints\wget_none_seed0.pt","49.44030284881592","3765.90087890625","0.8928","1.0","0.76","0.8636363631456612","0.0","19","0","25","6"
"wget","none","global","1","reviewer_experiments_wget_e5\checkpoints\wget_none_seed1.pt","51.261354207992554","3765.08203125","0.8976","0.9090909090909091","0.8","0.8510638292892712","0.08","20","2","23","5"
"wget","none","typed","1","reviewer_experiments_wget_e5\checkpoints\wget_none_seed1.pt","51.261354207992554","3765.08203125","0.8448","0.8636363636363636","0.76","0.8085106377999095","0.12","19","3","22","6"
"wget","none","global","2","reviewer_experiments_wget_e5\checkpoints\wget_none_seed2.pt","51.07915735244751","3765.27734375","0.8256000000000001","0.8695652173913043","0.8","0.8333333328342013","0.12","20","3","22","5"
"wget","none","typed","2","reviewer_experiments_wget_e5\checkpoints\wget_none_seed2.pt","51.07915735244751","3765.27734375","0.8320000000000001","0.9473684210526315","0.72","0.8181818176911155","0.04","18","1","24","7"
"wget","none","global","3","reviewer_experiments_wget_e5\checkpoints\wget_none_seed3.pt","51.05222773551941","3766.24267578125","0.8688","0.8333333333333334","0.8","0.8163265301124533","0.16","20","4","21","5"
"wget","none","typed","3","reviewer_experiments_wget_e5\checkpoints\wget_none_seed3.pt","51.05222773551941","3766.24267578125","0.8864","0.9047619047619048","0.76","0.8260869560255198","0.08","19","2","23","6"
"wget","none","global","4","reviewer_experiments_wget_e5\checkpoints\wget_none_seed4.pt","51.34231448173523","3764.42578125","0.776","0.8","0.8","0.7999999995000001","0.2","20","5","20","5"
"wget","none","typed","4","reviewer_experiments_wget_e5\checkpoints\wget_none_seed4.pt","51.34231448173523","3764.42578125","0.8512000000000001","0.8","0.8","0.7999999995000001","0.2","20","5","20","5"
