dataset,seed,bootstrap,f1_minus_magic_cited,fpr_minus_magic_cited,auc,precision,recall,f1,fpr,threshold,tp,fp,tn,fn
trace,0,0,-0.03491870502078809,0.008712928513232339,0.9898888192621258,0.916006146878033,0.9998234385345398,0.9560812949792119,0.010112928513232339,0.10229850107846272,67953,6231,609911,12
trace,0,1,-0.034292945402197406,0.008533361133331278,0.9900682543867622,0.917168409801242,0.9998082595870207,0.9567070545978026,0.009933361133331278,0.10229850107846272,67787,6122,610185,13
trace,0,2,-0.034369082606774404,0.008608183199760998,0.9899926489417769,0.9171015116466728,0.9997214525516412,0.9566309173932256,0.010008183199760998,0.10229850107846272,68192,6164,609732,19
trace,0,3,-0.03385463913912157,0.008505363185824613,0.9900965572448623,0.9179732673533604,0.9998096047100865,0.9571453608608784,0.009905363185824613,0.10229850107846272,68266,6100,609728,13
trace,0,4,-0.035017708597693376,0.008710499926982427,0.9898921922051964,0.9158371040723982,0.9998083076514738,0.9559822914023066,0.010110499926982427,0.10229850107846272,67804,6231,610059,13
trace,0,5,-0.03419595618266991,0.008626479523043682,0.9899750418690608,0.9173695343668835,0.9997811401140989,0.9568040438173301,0.010026479523043683,0.10229850107846272,68522,6172,609398,15
trace,0,6,-0.03564729825348012,0.00892779086588809,0.9896740271734475,0.9146689918840969,0.9998240366003871,0.9553527017465199,0.01032779086588809,0.10229850107846272,68184,6361,609550,12
trace,0,7,-0.03352110552055587,0.0083670229081968,0.9902349420317262,0.9186250912729534,0.9997645396750647,0.9574788944794441,0.009767022908196801,0.10229850107846272,67936,6018,610137,16
trace,0,8,-0.034373527920211866,0.008569440896616752,0.9900317498607664,0.9170447793442446,0.9997791649490607,0.9566264720797881,0.009969440896616753,0.10229850107846272,67909,6143,610040,15
trace,0,9,-0.034207320753128045,0.008565628485656347,0.9900351754904934,0.9173989691692797,0.999721366769321,0.956792679246872,0.009965628485656347,0.10229850107846272,68171,6138,609779,19
trace,0,10,-0.03394867728224327,0.008466814236125199,0.9901340571215056,0.9178011816080144,0.9998085419734904,0.9570513227177567,0.009866814236125199,0.10229850107846272,67887,6080,610127,13
trace,0,11,-0.03406696190823222,0.008552761326969888,0.9900483138058851,0.9176320387044752,0.9997510908079299,0.9569330380917678,0.009952761326969888,0.10229850107846272,68281,6129,609680,17
trace,0,12,-0.03541459246182732,0.008823043802147828,0.9897785408020591,0.9151455552112941,0.9997645327446651,0.9555854075381727,0.010223043802147828,0.10229850107846272,67934,6299,609858,16
trace,0,13,-0.03446055550874827,0.008618361313637538,0.9899831441105121,0.9169336384439359,0.9997211541283865,0.9565394444912517,0.010018361313637538,0.10229850107846272,68119,6171,609798,19
trace,0,14,-0.03508369051738136,0.00871177625281874,0.9898902906856952,0.9156791125541126,0.9998522829667489,0.9559163094826186,0.010111776252818741,0.10229850107846272,67687,6233,610177,10
trace,0,15,-0.033926911655008385,0.008476787682339134,0.9901248854258116,0.9178657236184974,0.9997794636556104,0.9570730883449916,0.009876787682339135,0.10229850107846272,68001,6085,610006,15
trace,0,16,-0.034304228945124526,0.008551072271853168,0.9900502893403074,0.917147451054573,0.9998085194131856,0.9566957710548755,0.009951072271853168,0.10229850107846272,67879,6132,610083,13
trace,0,17,-0.0345496662712923,0.008646237369145647,0.9899551754632826,0.9167451497457149,0.9997505685569658,0.9564503337287077,0.010046237369145648,0.10229850107846272,68138,6188,609764,17
trace,0,18,-0.03490729358666167,0.008760921854425067,0.9898410160737138,0.9159650324296016,0.9998973877862147,0.9560927064133383,0.010160921854425067,0.10229850107846272,68211,6258,609631,7
trace,0,19,-0.03435632957541079,0.008618364295004295,0.9899842495360917,0.9170632040218297,0.9997948357220318,0.9566436704245892,0.010018364295004295,0.10229850107846272,68224,6170,609699,14
trace,0,20,-0.033553788325058176,0.008419395864389384,0.9901804131075119,0.9186257754572001,0.9996924654023578,0.9574462116749418,0.009819395864389385,0.10229850107846272,68264,6047,609775,21
trace,0,21,-0.03386323322826612,0.008546038315719711,0.9900557930505475,0.9179200514759109,0.9998539826239322,0.9571367667717339,0.009946038315719712,0.10229850107846272,68475,6123,609499,10
trace,0,22,-0.03475449025877975,0.008659833207024195,0.9899414227456551,0.9163201943844492,0.9998085250537603,0.9562455097412202,0.010059833207024195,0.10229850107846272,67881,6199,610014,13
trace,0,23,-0.03390767200965672,0.00851378610511276,0.9900883375180803,0.9178141193889225,0.9998826927870728,0.9570923279903433,0.00991378610511276,0.10229850107846272,68189,6106,609804,8
trace,0,24,-0.034159936519132406,0.00850323936371322,0.9900975972952607,0.9174500547808091,0.9997641648487707,0.9568400634808676,0.00990323936371322,0.10229850107846272,67828,6103,610160,16
trace,0,25,-0.033915219367157246,0.008459276077582359,0.9901430945756029,0.9178998580985201,0.9997644842204427,0.9570847806328427,0.009859276077582359,0.10229850107846272,67920,6075,610096,16
trace,0,26,-0.03353079048339114,0.008349394009209112,0.990252666821744,0.9185330802603037,0.9998524224849102,0.9574692095166089,0.009749394009209112,0.10229850107846272,67751,6009,610337,10
trace,0,27,-0.03418177064085848,0.008642519452202579,0.989959721573723,0.9173585763373577,0.9998251340638844,0.9568182293591415,0.010042519452202579,0.10229850107846272,68612,6181,609302,12
trace,0,28,-0.034298707522304794,0.008549417169600969,0.9900522137147173,0.9171576045832883,0.9998085137722786,0.9567012924776952,0.009949417169600969,0.10229850107846272,67877,6131,610086,13
trace,0,29,-0.034832894957747995,0.00875347137637028,0.9898478007774272,0.9161874120249347,0.9997951928844157,0.956167105042252,0.01015347137637028,0.10229850107846272,68343,6252,609498,14
trace,0,30,-0.03450889554342085,0.008596478513251014,0.9900055157153991,0.9167961099479975,0.9997790543526293,0.9564911044565791,0.009996478513251014,0.10229850107846272,67875,6160,610057,15
trace,0,31,-0.03320183486238526,0.008287831142888207,0.9903148763213894,0.9191385615603413,0.9998526594960955,0.9577981651376147,0.009687831142888207,0.10229850107846272,67860,5970,610267,10
trace,0,32,-0.03403956897456528,0.008570554462874748,0.99003106950422,0.9176205364930691,0.9998245460128081,0.9569604310254347,0.009970554462874748,0.10229850107846272,68382,6139,609574,12
trace,0,33,-0.03421872015281757,0.008558309522572602,0.9900434639570531,0.917390543143038,0.9997064823375746,0.9567812798471824,0.009958309522572602,0.10229850107846272,68119,6134,609834,20
trace,0,34,-0.034326780329795636,0.008633781589033976,0.9899688812425909,0.9171294433266264,0.9997806600669717,0.9566732196702044,0.010033781589033976,0.10229850107846272,68372,6178,609542,15
trace,0,35,-0.03412962677899212,0.008583547529449597,0.99001759864172,0.9175165047501476,0.9997514401848115,0.9568703732210079,0.009983547529449598,0.10229850107846272,68377,6147,609566,17
trace,0,36,-0.034656697999449926,0.008621386313408471,0.9899794711286336,0.9165247479252832,0.9997788426096572,0.9563433020005501,0.010021386313408471,0.10229850107846272,67810,6176,610106,15
trace,0,37,-0.03479567157800334,0.008727416769911001,0.9898741589026736,0.9162560253501081,0.9997948838163331,0.9562043284219967,0.010127416769911001,0.10229850107846272,68240,6237,609616,14
trace,0,38,-0.034209311173266976,0.008523935428692913,0.9900784327226755,0.9173838442519962,0.9997349823321555,0.956790688826733,0.009923935428692913,0.10229850107846272,67902,6115,610072,18
trace,0,39,-0.03470740829944885,0.008585468605050956,0.9900155093056253,0.9164075758604304,0.9998074387877531,0.9562925917005511,0.009985468605050956,0.10229850107846272,67498,6157,610439,13
trace,0,40,-0.033809729865983296,0.008506762746024708,0.9900949981087266,0.9180680169773814,0.9997952198461223,0.9571902701340167,0.009906762746024709,0.10229850107846272,68352,6100,609641,14
trace,0,41,-0.03324092141679014,0.00840057702054661,0.9902014630738147,0.9190777031105388,0.9998394886985452,0.9577590785832099,0.00980057702054661,0.10229850107846272,68520,6033,609543,11
trace,0,42,-0.03486642148261487,0.008718900736392327,0.9898815289577448,0.9161633959675576,0.9997504806916088,0.9561335785173851,0.010118900736392327,0.10229850107846272,68114,6233,609743,17
trace,0,43,-0.03469636038813184,0.008704831743103773,0.9898957934091498,0.9164383929530562,0.99979491085947,0.9563036396118682,0.010104831743103773,0.10229850107846272,68249,6223,609621,14
trace,0,44,-0.03506511641040844,0.00870885965054592,0.9898939039281414,0.9157255501305165,0.9998375592539539,0.9559348835895916,0.01010885965054592,0.10229850107846272,67706,6231,610159,11
trace,0,45,-0.033699734228168965,0.008410158423104261,0.9901909423074665,0.9182467339265911,0.9998232929361351,0.957300265771831,0.009810158423104261,0.10229850107846272,67897,6045,610153,12
trace,0,46,-0.033734922861150096,0.008477517484163984,0.9901250373502496,0.9181688549289712,0.9998388608930037,0.9572650771388499,0.009877517484163984,0.10229850107846272,68253,6083,609760,11
trace,0,47,-0.034968369693230916,0.008757443623427714,0.9898440837393063,0.9159636773950889,0.9997654096533928,0.9560316303067691,0.010157443623427714,0.10229850107846272,68188,6256,609647,16
trace,0,48,-0.034277325724752505,0.008551395256371766,0.9900506517584365,0.9171720719138763,0.9998380256802921,0.9567226742752475,0.009951395256371766,0.10229850107846272,67901,6132,610063,11
trace,0,49,-0.03353876790102528,0.008353366866785656,0.9902485199848543,0.9185556534110155,0.9998082793811849,0.9574612320989747,0.009753366866785657,0.10229850107846272,67794,6011,610289,13
trace,0,50,-0.0348441718478687,0.008753990552388128,0.9898481133188082,0.9161054015617034,0.999868209108215,0.9561558281521313,0.010153990552388128,0.10229850107846272,68281,6253,609564,9
trace,0,51,-0.03348672727527424,0.008428839816870459,0.9901723019670612,0.9186624734564417,0.9997952258366487,0.9575132727247258,0.009828839816870459,0.10229850107846272,68354,6052,609687,14
trace,0,52,-0.03357454229033774,0.008426685328492516,0.9901750133512263,0.9185135317086307,0.9997801650227895,0.9574254577096623,0.009826685328492516,0.10229850107846272,68218,6052,609822,15
trace,0,53,-0.0352224591727931,0.008808339083100232,0.9897932491903605,0.9154975004031608,0.9997651893161139,0.9557775408272069,0.010208339083100232,0.10229850107846272,68124,6288,609679,16
trace,0,54,-0.033838093901326416,0.008484753644272265,0.9901166130253668,0.9180409525989149,0.9997654268498292,0.9571619060986736,0.009884753644272265,0.10229850107846272,68193,6088,609810,16
trace,0,55,-0.033995936616846856,0.008508608346996087,0.9900940021702513,0.9177014655718696,0.9998237290127355,0.9570040633831531,0.009908608346996087,0.10229850107846272,68065,6104,609926,12
trace,0,56,-0.033709434437762975,0.008482787059639412,0.9901179667123857,0.9182771726722089,0.9997660476677876,0.957290565562237,0.009882787059639412,0.10229850107846272,68374,6085,609632,16
trace,0,57,-0.03377376692848921,0.008408980450190824,0.9901923925496736,0.9181604029026319,0.999764133559372,0.9572262330715108,0.009808980450190824,0.10229850107846272,67819,6045,610227,16
trace,0,58,-0.033325985709944383,0.008294340290002741,0.9903074934915403,0.9189599750437413,0.9997934128202102,0.9576740142900556,0.009694340290002742,0.10229850107846272,67754,5975,610364,14
trace,0,59,-0.034443457500965446,0.008627874145877403,0.9899740693057585,0.9168539930812615,0.999853208854442,0.9565565424990345,0.010027874145877403,0.10229850107846272,68114,6177,609806,10
trace,0,60,-0.03410314494620026,0.008513942821156237,0.9900868785423081,0.9175664003454977,0.9997500183810014,0.9568968550537997,0.009913942821156237,0.10229850107846272,67988,6108,609994,17
trace,0,61,-0.033573706917787494,0.008392654778484403,0.9902086734852663,0.9185280216070223,0.9997648200138168,0.9574262930822125,0.009792654778484403,0.10229850107846272,68017,6033,610041,16
trace,0,62,-0.034324986360393384,0.008637241739983465,0.9899641748433791,0.9171204034010139,0.9997953216374269,0.9566750136396066,0.010037241739983466,0.10229850107846272,68386,6180,609527,14
trace,0,63,-0.03416421121752555,0.008619330420233589,0.9899833485070358,0.917378841053393,0.9998394090252127,0.9568357887824744,0.01001933042023359,0.10229850107846272,68486,6168,609442,11
trace,0,64,-0.03370740331957789,0.008439173905491334,0.9901618868196254,0.918256976007121,0.9997944199706315,0.9572925966804221,0.009839173905491334,0.10229850107846272,68086,6061,609946,14
trace,0,65,-0.03309663521153405,0.008344515056087805,0.9902572750581866,0.9193190528056799,0.9998683748683749,0.9579033647884659,0.009744515056087805,0.10229850107846272,68367,6000,609731,9
trace,0,66,-0.03485817273976832,0.008735974347526078,0.9898652709198166,0.9161044964657188,0.9998386670968877,0.9561418272602317,0.010135974347526078,0.10229850107846272,68171,6243,609682,11
trace,0,67,-0.03474172092105632,0.008646540913162575,0.9899556566280424,0.9163931990978946,0.9997495395948435,0.9562582790789437,0.010046540913162575,0.10229850107846272,67858,6191,610041,17
trace,0,68,-0.03556982652882423,0.00890141167493323,0.9897015053266809,0.914835644202247,0.9997946370944083,0.9554301734711758,0.01030141167493323,0.10229850107846272,68158,6345,609590,14
trace,0,69,-0.03346079950851033,0.008458411249116593,0.9901439202735631,0.9187096428475738,0.9997958945649639,0.9575392004914897,0.009858411249116593,0.10229850107846272,68578,6068,609447,14
trace,0,70,-0.03397148185562204,0.008435352755261638,0.9901649898196846,0.9178590785907859,0.9996900780708098,0.957028518144378,0.009835352755261638,0.10229850107846272,67738,6062,610286,21
trace,0,71,-0.033715688205012806,0.008435543990480998,0.990165751121124,0.9182541824069077,0.9997796580292614,0.9572843117949872,0.009835543990480998,0.10229850107846272,68061,6059,609972,15
trace,0,72,-0.03449422689876769,0.008579298350357574,0.9900231382951783,0.916736605571649,0.9998818856948812,0.9565057731012323,0.009979298350357574,0.10229850107846272,67723,6151,610225,8
trace,0,73,-0.03424131215982407,0.008608038258864413,0.9899940824612424,0.9172251695655094,0.9998535914028872,0.9567586878401759,0.010008038258864413,0.10229850107846272,68292,6163,609642,10
trace,0,74,-0.03432260232780271,0.00850937359587469,0.990092048351302,0.9171267720274028,0.9997929606625259,0.9566773976721973,0.00990937359587469,0.10229850107846272,67606,6109,610378,14
trace,0,75,-0.033688338096668935,0.008499397816414416,0.9901028964576984,0.9183033260493612,0.9997810666433138,0.9573116619033311,0.009899397816414416,0.10229850107846272,68499,6094,609499,15
trace,0,76,-0.03520460537880121,0.008779785529837386,0.9898218992370883,0.915518379332175,0.9997793598493763,0.9557953946211988,0.010179785529837386,0.10229850107846272,67969,6272,609851,15
trace,0,77,-0.034533300513397536,0.008616426224825025,0.9899846348244106,0.9168003667201466,0.9997206662844206,0.9564666994866025,0.010016426224825025,0.10229850107846272,68000,6171,609917,19
trace,0,78,-0.03447094104030024,0.008648382906871022,0.9899542329126407,0.9167787220309811,0.9998826755833223,0.9565290589596998,0.010048382906871023,0.10229850107846272,68179,6189,609731,8
trace,0,79,-0.0339841034913676,0.008584485545564572,0.9900174414512766,0.9177099093550417,0.9998395378690629,0.9570158965086324,0.009984485545564572,0.10229850107846272,68541,6146,609409,11
trace,0,80,-0.03327326571666889,0.008379466692649972,0.9902224094600673,0.9189938122141512,0.9998682804747757,0.9577267342833311,0.009779466692649973,0.10229850107846272,68318,6022,609758,9
trace,0,81,-0.0335001929594364,0.008415462804348356,0.9901867246851281,0.918613261528105,0.9998241552123326,0.9574998070405636,0.009815462804348356,0.10229850107846272,68230,6045,609820,12
trace,0,82,-0.03475798952055853,0.008690565094371782,0.9899108996165531,0.9163256515184148,0.9997943776987928,0.9562420104794415,0.010090565094371782,0.10229850107846272,68072,6216,609805,14
trace,0,83,-0.033838093901326416,0.008486361237800354,0.9901137332057101,0.9180285937373792,0.9997800844475722,0.9571619060986736,0.009886361237800354,0.10229850107846272,68193,6089,609810,15
trace,0,84,-0.03419941747300914,0.008595712643155494,0.9900060123580477,0.9173636937287704,0.9997805188534304,0.9568005825269909,0.009995712643155494,0.10229850107846272,68328,6155,609609,15
trace,0,85,-0.033502626883775366,0.008361330202350832,0.9902403961650962,0.9186095287065478,0.9998232695139911,0.9574973731162246,0.009761330202350833,0.10229850107846272,67888,6015,610192,12
trace,0,86,-0.03509726862826468,0.008742175479598793,0.9898583650652996,0.915777130842633,0.9997057395500758,0.9559027313717353,0.010142175479598793,0.10229850107846272,67947,6249,609891,20
trace,0,87,-0.034819048889950244,0.008709979302788036,0.9898920067385777,0.9161765299667559,0.9998384301283746,0.9561809511100497,0.010109979302788036,0.10229850107846272,68071,6228,609797,11
trace,0,88,-0.03346566672995377,0.008388754458103968,0.990213545574909,0.9186399514268366,0.999867829764737,0.9575343332700462,0.009788754458103968,0.10229850107846272,68085,6030,609983,9
trace,0,89,-0.03327388874849069,0.00835839449243359,0.9902436030613411,0.9190299764230381,0.9998241165520981,0.9577261112515093,0.00975839449243359,0.10229850107846272,68215,6010,609870,12
trace,0,90,-0.03345946858815585,0.008367048507347605,0.9902337213735264,0.9187506751647402,0.9997502057129423,0.9575405314118441,0.009767048507347605,0.10229850107846272,68039,6017,610034,17
trace,0,91,-0.035011893966553465,0.008742883344668129,0.9898592584782128,0.9158349832316457,0.999823555359506,0.9559881060334465,0.01014288334466813,0.10229850107846272,67998,6249,609848,12
trace,0,92,-0.033808616579108386,0.008461324615327177,0.990139960635071,0.9180460560929216,0.9998236953455572,0.9571913834208916,0.009861324615327178,0.10229850107846272,68052,6075,609968,12
trace,0,93,-0.03507796522263262,0.00878194689345894,0.9898200823373755,0.9157870706094057,0.9997361206808086,0.9559220347773674,0.01018194689345894,0.10229850107846272,68195,6271,609623,18
trace,0,94,-0.03450954416557328,0.008587067923420039,0.9900144391678183,0.9167703375162267,0.999808287863147,0.9564904558344267,0.009987067923420039,0.10229850107846272,67797,6155,610142,13
trace,0,95,-0.033753072877113044,0.008442149007181538,0.9901598239898761,0.9182101471758691,0.999750304775054,0.957246927122887,0.009842149007181538,0.10229850107846272,68066,6063,609961,17
trace,0,96,-0.034384130911544686,0.008592776501716595,0.990009252725858,0.9170372766232716,0.9997649202197996,0.9566158690884553,0.009992776501716595,0.10229850107846272,68046,6156,609889,16
trace,0,97,-0.0342063111925055,0.008527422862447499,0.9900735854236996,0.9173769163233606,0.9997497608007654,0.9567936888074945,0.009927422862447499,0.10229850107846272,67918,6117,610055,17
trace,0,98,-0.035386898096304575,0.008870841689387014,0.9897301092652615,0.915207657452342,0.9997510470667487,0.9556131019036954,0.010270841689387014,0.10229850107846272,68269,6325,609496,17
trace,0,99,-0.03370569853069971,0.008476888049485124,0.9901243689544905,0.918247194031857,0.9998097356789509,0.9572943014693003,0.009876888049485125,0.10229850107846272,68313,6082,609699,13
trace,1,0,-0.008685072990594844,0.0025448884473211284,0.9960518895396422,0.9655455989110708,0.9996770405167352,0.9823149270094051,0.003944888447321129,0.1290396126214478,68098,2430,613557,22
trace,1,1,-0.008380504492203067,0.002460822225358464,0.9961379820603659,0.9660121385219564,0.9998078571639717,0.9826194955077969,0.0038608222253584644,0.1290396126214478,67645,2380,614069,13
trace,1,2,-0.008259497041846031,0.00246962466426987,0.9961280904418155,0.9662717789761227,0.9997803324302555,0.982740502958154,0.0038696246642698703,0.1290396126214478,68270,2383,613439,15
trace,1,3,-0.008453813528862097,0.0025187918493027213,0.9960794357460416,0.965895921078667,0.9997805605945345,0.9825461864711379,0.0039187918493027215,0.1290396126214478,68341,2413,613338,15
trace,1,4,-0.009011041801104125,0.0026496483969532603,0.9959484653972092,0.96487347122809,0.9997226196385296,0.9819889581988959,0.0040496483969532605,0.1290396126214478,68479,2493,613116,19
trace,1,5,-0.008405017506293522,0.0024787619121809353,0.9961198405111055,0.9660052627835858,0.9997644668855162,0.9825949824937065,0.0038787619121809355,0.1290396126214478,67915,2390,613786,16
trace,1,6,-0.008631514346363223,0.002544388984928538,0.9960547438400055,0.9655123474311667,0.9998236383410246,0.9823684856536368,0.003944388984928538,0.1290396126214478,68030,2430,613635,12
trace,1,7,-0.008073417136919225,0.002415027963343263,0.9961835332750935,0.9666458498921313,0.9997651272716597,0.9829265828630808,0.003815027963343263,0.1290396126214478,68106,2350,613635,16
trace,1,8,-0.007822967194854646,0.0023730516727791294,0.9962244875434316,0.9671567934398416,0.9997369382535622,0.9831770328051453,0.0037730516727791296,0.1290396126214478,68407,2323,613359,18
trace,1,9,-0.008959900440471125,0.002593978209945038,0.9960056238320927,0.9648927675108373,0.9998079167836404,0.9820400995595289,0.003993978209945038,0.1290396126214478,67666,2462,613966,13
trace,1,10,-0.008027975562905243,0.0023969053354717645,0.9962008177509492,0.9667750962371625,0.9997209124693371,0.9829720244370947,0.0037969053354717642,0.1290396126214478,68060,2339,613689,19
trace,1,11,-0.008192265638487628,0.0024504323819576953,0.9961466396740825,0.9664563408975158,0.9997219457940643,0.9828077343615124,0.0038504323819576955,0.1290396126214478,68313,2371,613404,19
trace,1,12,-0.008859457590989606,0.0026071179924144023,0.9959915925166892,0.9650716823051557,0.9998240546603522,0.9821405424090104,0.0040071179924144025,0.1290396126214478,68191,2468,613436,12
trace,1,13,-0.008026764624904037,0.0023841477959610875,0.9962135826604581,0.9667645298292621,0.9997347167364263,0.982973235375096,0.0037841477959610877,0.1290396126214478,67834,2332,613923,18
trace,1,14,-0.008240135612782251,0.0024589291106442805,0.9961402476580574,0.966282253145524,0.9998091967181836,0.9827598643872177,0.0038589291106442803,0.1290396126214478,68120,2377,613597,13
trace,1,15,-0.00929501156498369,0.002687894604401224,0.9959099177199595,0.9643539687707924,0.9996918200228934,0.9817049884350163,0.004087894604401224,0.1290396126214478,68121,2518,613447,21
trace,1,16,-0.008325677969161838,0.0024584405212546992,0.9961377335658658,0.9662405908251669,0.9996767320549556,0.9826743220308382,0.0038584405212546994,0.1290396126214478,68033,2377,613675,22
trace,1,17,-0.008347049269085027,0.0024667261880605496,0.9961324651727664,0.9661854265150547,0.999691548426897,0.982652950730915,0.0038667261880605494,0.1290396126214478,68061,2382,613643,21
trace,1,18,-0.008711607870532045,0.0025215304672751683,0.9960763908104076,0.9654141575958691,0.9997630015849269,0.982288392129468,0.0039215304672751685,0.1290396126214478,67495,2418,614178,16
trace,1,19,-0.009040330512063988,0.002653942117632537,0.9959446467418784,0.964790023840088,0.9997514983189593,0.981959669487936,0.004053942117632537,0.1290396126214478,68393,2496,613201,17
trace,1,20,-0.007809996536996433,0.0023486991575573874,0.9962491933796458,0.9672240517828753,0.9996919014084507,0.9831900034630036,0.003748699157557387,0.1290396126214478,68139,2309,613638,21
trace,1,21,-0.008873968740334748,0.002612529614936808,0.9959866112454137,0.965070749049376,0.9997949799373225,0.9821260312596652,0.004012529614936808,0.1290396126214478,68272,2471,613350,14
trace,1,22,-0.008288417700908157,0.0024526827590012233,0.9961465485227695,0.966216985428051,0.9997791291799802,0.9827115822990918,0.0038526827590012235,0.1290396126214478,67898,2374,613820,15
trace,1,23,-0.00832091565845594,0.0024452240532555417,0.9961523982317997,0.9661959777492511,0.9997343487115913,0.982679084341544,0.003845224053255542,0.1290396126214478,67740,2370,613979,18
trace,1,24,-0.008359954826472782,0.002471949784738416,0.9961273623392952,0.9660375209952459,0.9998232174425457,0.9826400451735272,0.003871949784738416,0.1290396126214478,67868,2386,613841,12
trace,1,25,-0.00847735756242951,0.002482026638622595,0.9961146106156066,0.9659753634320503,0.9996467159301675,0.9825226424375705,0.0038820266386225947,0.1290396126214478,67910,2392,613781,24
trace,1,26,-0.008508020313331643,0.002526618674660643,0.9960715366842288,0.9658049553116869,0.9997657736788171,0.9824919796866683,0.003926618674660643,0.1290396126214478,68294,2418,613379,16
trace,1,27,-0.00845043716043603,0.002510233509791822,0.9960881533399923,0.9659299923597159,0.9997510507124343,0.982549562839564,0.003910233509791822,0.1290396126214478,68270,2408,613412,17
trace,1,28,-0.009143380489711972,0.002624190577877012,0.9959732631626469,0.96471659458229,0.9996167113836719,0.981856619510288,0.004024190577877012,0.1290396126214478,67808,2480,613793,26
trace,1,29,-0.008163296506764395,0.0024412271145825386,0.9961572446536452,0.9664444759608566,0.9997945949118225,0.9828367034932356,0.0038412271145825383,0.1290396126214478,68144,2366,613583,14
trace,1,30,-0.008753782499945961,0.0025694458199056747,0.9960283159306533,0.9653579676674365,0.9997358844934852,0.982246217500054,0.003969445819905675,0.1290396126214478,68134,2445,613510,18
trace,1,31,-0.008066327268519857,0.002409248667493329,0.9961892929942433,0.9666187828016328,0.9998087532180949,0.9829336727314801,0.003809248667493329,0.1290396126214478,67962,2347,613785,13
trace,1,32,-0.009409134950083553,0.0027383387525864618,0.9958608906770146,0.9640782721479727,0.9997514656218476,0.9815908650499164,0.004138338752586462,0.1290396126214478,68384,2548,613158,17
trace,1,33,-0.008545377218401762,0.002522440875210855,0.9960770824918508,0.9657606076925257,0.9997359309899654,0.9824546227815982,0.003922440875210855,0.1290396126214478,68146,2416,613527,18
trace,1,34,-0.008575530009820365,0.0025216832072096637,0.9960758051717565,0.9657027667759749,0.9997354691748108,0.9824244699901796,0.003921683207209664,0.1290396126214478,68027,2416,613646,18
trace,1,35,-0.00812677835680553,0.0024481155766650532,0.996151096068558,0.9665551367300552,0.9997517559615076,0.9828732216431945,0.003848115576665053,0.1290396126214478,68464,2369,613257,17
trace,1,36,-0.00836025787427186,0.0024726787867770583,0.9961266816685123,0.9660915783190746,0.9997646920407083,0.9826397421257281,0.003872678786777058,0.1290396126214478,67980,2386,613725,16
trace,1,37,-0.008605380779235672,0.002554616913742253,0.9960445613346169,0.9656029721292254,0.9997806087376226,0.9823946192207643,0.003954616913742253,0.1290396126214478,68356,2435,613301,15
trace,1,38,-0.00816145362502263,0.0024302796591051104,0.996169086784929,0.9664348394987982,0.9998087222647284,0.9828385463749774,0.00383027965910511,0.1290396126214478,67951,2360,613783,13
trace,1,39,-0.008464238524731438,0.0025192692260214786,0.9960768410315481,0.9659301094246382,0.9997223480586284,0.9825357614752686,0.003919269226021479,0.1290396126214478,68412,2413,613263,19
trace,1,40,-0.008341958587229636,0.002469903706926219,0.996127944480736,0.9661541519371921,0.9997355702134536,0.9826580414127704,0.0038699037069262186,0.1290396126214478,68053,2384,613652,18
trace,1,41,-0.008018181818181813,0.0023663683741843187,0.9962313659867298,0.9667820663214214,0.9997337199325423,0.9829818181818182,0.0037663683741843185,0.1290396126214478,67580,2322,614187,18
trace,1,42,-0.008827451093792904,0.002569767445634797,0.9960287352605508,0.965243833124929,0.9997056659308315,0.9821725489062071,0.003969767445634797,0.1290396126214478,67930,2446,613711,20
trace,1,43,-0.008947537965945718,0.0026207924988510857,0.9959778345693634,0.9650104572946696,0.9997072085260877,0.9820524620340543,0.004020792498851086,0.1290396126214478,68288,2476,613323,20
trace,1,44,-0.008094263476506214,0.0024285498109267913,0.9961687816689406,0.9665778432928903,0.9997947454844006,0.9829057365234938,0.0038285498109267915,0.1290396126214478,68194,2358,613541,14
trace,1,45,-0.008879063587655112,0.0025977990192975363,0.995999633467603,0.9650479650337742,0.9998088741215561,0.9821209364123449,0.0039977990192975365,0.1290396126214478,68005,2463,613626,13
trace,1,46,-0.008375033413525745,0.002469627321127126,0.9961276121254182,0.9661315527773832,0.999691299043027,0.9826249665864742,0.0038696273211271262,0.1290396126214478,68006,2384,613696,21
trace,1,47,-0.008335969800467358,0.0024927441003895993,0.996105475161727,0.9661100821445234,0.9997951599215755,0.9826640301995326,0.003892744100389599,0.1290396126214478,68332,2397,613364,14
trace,1,48,-0.008900673619224864,0.002603214259624516,0.9959955659532531,0.9650470574895113,0.9997650582949106,0.9820993263807751,0.004003214259624516,0.1290396126214478,68086,2466,613539,16
trace,1,49,-0.008549418499982031,0.0025390662497036766,0.9960605962564945,0.9656568516421291,0.9998387687797728,0.982450581500018,0.003939066249703677,0.1290396126214478,68214,2426,613456,11
trace,1,50,-0.008323563663192313,0.002443207520222283,0.9961548843632826,0.966313872766587,0.9996026782429549,0.9826764363368077,0.0038432075202222827,0.1290396126214478,67928,2368,613784,27
trace,1,51,-0.00809040054505683,0.002442011296975289,0.9961561625179803,0.9666389245461342,0.9997373949579832,0.9829095994549432,0.003842011296975289,0.1290396126214478,68526,2365,613198,18
trace,1,52,-0.00867962206184969,0.002525036508194061,0.9960733213430515,0.9655437646891247,0.999690297461914,0.9823203779381503,0.003925036508194061,0.1290396126214478,67786,2419,613881,21
trace,1,53,-0.008512679353244623,0.0025020146341780125,0.996095271117439,0.9658517876674385,0.9997059472175256,0.9824873206467554,0.0039020146341780123,0.1290396126214478,67995,2404,613688,20
trace,1,54,-0.008094574519735942,0.0024035091590902087,0.9961944190306579,0.9665920784459046,0.9997788719521185,0.982905425480264,0.0038035091590902085,0.1290396126214478,67819,2344,613929,15
trace,1,55,-0.008175586390364753,0.002400616079379833,0.9961972673849601,0.9665051250160827,0.999704264505826,0.9828244136096352,0.0038006160793798327,0.1290396126214478,67608,2343,614136,20
trace,1,56,-0.008631805147244709,0.002528029411526007,0.996069676873004,0.9656352508484685,0.9996912763517686,0.9823681948527553,0.003928029411526007,0.1290396126214478,68001,2420,613665,21
trace,1,57,-0.008203307884368405,0.002440958973493162,0.9961573611918075,0.9664220938648652,0.9997357410262057,0.9827966921156316,0.003840958973493162,0.1290396126214478,68097,2366,613626,18
trace,1,58,-0.008266374786163655,0.002443863529052891,0.996155211104637,0.9662323963737955,0.9998082595870207,0.9827336252138363,0.003843863529052891,0.1290396126214478,67787,2369,613938,13
trace,1,59,-0.008415281387463058,0.0024970718376479874,0.9961017063190974,0.9660253960164776,0.9997216525051275,0.9825847186125369,0.003897071837647987,0.1290396126214478,68241,2400,613447,19
trace,1,60,-0.008469927334916028,0.002497682980875217,0.9961010755076879,0.9659340815255175,0.9997063142437592,0.982530072665084,0.0038976829808752174,0.1290396126214478,68080,2401,613606,20
trace,1,61,-0.008895551922911471,0.0026285834493446243,0.9959710694631491,0.9650556573199943,0.9997664438151402,0.9821044480770885,0.0040285834493446245,0.1290396126214478,68490,2480,613121,16
trace,1,62,-0.008281436438733358,0.0024777635360264862,0.9961189399480083,0.9663376110562685,0.9996644589035101,0.9827185635612666,0.0038777635360264864,0.1290396126214478,68523,2387,613174,23
trace,1,63,-0.008299736743136554,0.0024626518890477588,0.9961371040455043,0.9661537586393242,0.9998233995584989,0.9827002632568634,0.003862651889047759,0.1290396126214478,67938,2380,613777,12
trace,1,64,-0.008151636548995977,0.0024431863035727338,0.9961541109007394,0.9665889995057544,0.9996640962729291,0.982848363451004,0.003843186303572734,0.1290396126214478,68449,2366,613269,23
trace,1,65,-0.008428800496933841,0.0024810713769768547,0.996116704595585,0.966041273132696,0.999676660787772,0.9825711995030662,0.003881071376976855,0.1290396126214478,68018,2391,613676,22
trace,1,66,-0.007996962245045536,0.0023848909490467984,0.9962129615347889,0.9668217451306785,0.9997351889720919,0.9830030377549545,0.003784890949046798,0.1290396126214478,67955,2332,613802,18
trace,1,67,-0.008356859920777837,0.0024742382640295,0.99612474488936,0.9662068379457837,0.9996483207314929,0.9826431400792222,0.0038742382640295,0.1290396126214478,68220,2386,613477,24
trace,1,68,-0.00849913584514339,0.002516398212615608,0.9960821353524426,0.9658497217856687,0.9997362057595076,0.9825008641548566,0.003916398212615608,0.1290396126214478,68217,2412,613460,18
trace,1,69,-0.009622567191844289,0.002753652699468624,0.9958458577939557,0.9636001706242002,0.9998229618482783,0.9813774328081557,0.004153652699468624,0.1290396126214478,67770,2560,613765,12
trace,1,70,-0.008193813972585007,0.002446603492956283,0.9961528689910818,0.966440005666525,0.9997362212224681,0.982806186027415,0.0038466034929562827,0.1290396126214478,68221,2369,613499,18
trace,1,71,-0.008487593993108944,0.0025020906375795354,0.9960969011680699,0.9658590621183287,0.9997500992253076,0.982512406006891,0.003902090637579535,0.1290396126214478,68010,2404,613676,17
trace,1,72,-0.009005359600202767,0.002598098307136378,0.9960009113665091,0.9649282623548167,0.9996755832129058,0.9819946403997972,0.003998098307136378,0.1290396126214478,67792,2464,613829,22
trace,1,73,-0.00842576251195637,0.0025023994153708738,0.9960961996219264,0.9660185250654034,0.999707311362173,0.9825742374880436,0.003902399415370874,0.1290396126214478,68312,2403,613372,20
trace,1,74,-0.008081671517372713,0.0024297934542690507,0.9961680142079222,0.9666699648041613,0.9997222547070518,0.9829183284826273,0.0038297934542690505,0.1290396126214478,68389,2358,613341,19
trace,1,75,-0.008779026945999857,0.0025711660226645453,0.9960260302616314,0.9653501813236628,0.9996919330467822,0.9822209730540001,0.0039711660226645455,0.1290396126214478,68146,2446,613494,21
trace,1,76,-0.008408347617291145,0.0024610790571761056,0.9961369234267476,0.9661636490349742,0.9995879808116778,0.9825916523827088,0.0038610790571761053,0.1290396126214478,67930,2379,613770,28
trace,1,77,-0.00902722067159667,0.0026368021252480374,0.9959619616111207,0.9648567268409223,0.9997070584271966,0.9819727793284033,0.0040368021252480376,0.1290396126214478,68253,2486,613348,20
trace,1,78,-0.008429633257468816,0.0025049814899006304,0.996093018005324,0.9659430448758798,0.9997801456901226,0.9825703667425312,0.00390498148990063,0.1290396126214478,68212,2405,613475,15
trace,1,79,-0.008513666734156655,0.002503238633136143,0.9960961810324741,0.9658089280636907,0.9997498234047563,0.9824863332658433,0.0039032386331361428,0.1290396126214478,67935,2405,613750,17
trace,1,80,-0.008505549570134274,0.0024903243397647306,0.9961075249256333,0.9659207233848953,0.9996468666774568,0.9824944504298657,0.0038903243397647304,0.1290396126214478,67939,2397,613747,24
trace,1,81,-0.008513172826031923,0.002506668441195469,0.9960917880655825,0.9657960552492468,0.9997646401200335,0.9824868271739681,0.003906668441195469,0.1290396126214478,67965,2407,613719,16
trace,1,82,-0.007949152542372828,0.002377450229211849,0.9962212527986442,0.9669413268930246,0.9997062409118282,0.9830508474576272,0.003777450229211849,0.1290396126214478,68063,2327,613697,20
trace,1,83,-0.009096939657656566,0.002647472156378868,0.9959518508210282,0.9647088801121162,0.9997212727566125,0.9819030603423434,0.004047472156378868,0.1290396126214478,68148,2493,613447,19
trace,1,84,-0.008871548697971576,0.0025673850455860004,0.9960324513874578,0.9650636310399497,0.9998076353950873,0.9821284513020284,0.003967385045586001,0.1290396126214478,67567,2446,614081,13
trace,1,85,-0.008572555547513905,0.0025158029343368693,0.9960827700148741,0.9656678618177679,0.9997790413340011,0.9824274444524861,0.0039158029343368695,0.1290396126214478,67871,2413,613808,15
trace,1,86,-0.008618385905291293,0.002534322948972334,0.9960618758996536,0.965701262669158,0.9996483258846802,0.9823816140947087,0.003934322948972334,0.1290396126214478,68221,2423,613439,24
trace,1,87,-0.008365486277065681,0.002457263403868623,0.9961406219378521,0.9661506913689247,0.9996905712643848,0.9826345137229343,0.0038572634038686227,0.1290396126214478,67846,2377,613863,21
trace,1,88,-0.008245598629565087,0.002456665210606398,0.9961404104520649,0.966380725893211,0.9996924879191682,0.9827544013704349,0.0038566652106063978,0.1290396126214478,68269,2375,613442,21
trace,1,89,-0.00852301752301754,0.0024976043201422743,0.9960993193413858,0.9657912726444116,0.9997493771284516,0.9824769824769825,0.003897604320142274,0.1290396126214478,67814,2402,613874,17
trace,1,90,-0.00816280143071424,0.0024363877235592845,0.9961614833167879,0.9664865478165908,0.9997505978316682,0.9828371985692858,0.0038363877235592847,0.1290396126214478,68146,2363,613581,17
trace,1,91,-0.008007655235135247,0.0024329241522965863,0.9961660649633312,0.9667713718253912,0.9997669337217772,0.9829923447648647,0.003832924152296586,0.1290396126214478,68634,2359,613098,16
trace,1,92,-0.00928000462053824,0.0026853624886788224,0.9959137031472806,0.9643014168805935,0.9997794279832365,0.9817199953794618,0.004085362488678823,0.1290396126214478,67990,2517,613585,15
trace,1,93,-0.00909429788215288,0.0026489707918871223,0.9959477455514487,0.9646867256637168,0.9997505429359629,0.9819057021178471,0.0040489707918871225,0.1290396126214478,68131,2494,613465,17
trace,1,94,-0.00806321984330427,0.0024066451524930683,0.9961915348045343,0.9666931795585604,0.9997356012867404,0.9829367801566957,0.0038066451524930685,0.1290396126214478,68061,2345,613683,18
trace,1,95,-0.008634624341657404,0.0025559147017061605,0.9960427579632997,0.9656955284438308,0.9996208420223703,0.9823653756583426,0.003955914701706161,0.1290396126214478,68547,2435,613099,26
trace,1,96,-0.008761350725554728,0.002575400584942521,0.9960221420201303,0.9653973369519124,0.9996779859484778,0.9822386492744453,0.003975400584942521,0.1290396126214478,68298,2448,613339,22
trace,1,97,-0.008510641526887408,0.00250026488690368,0.9960960587063481,0.9658558072124812,0.9997058607250533,0.9824893584731126,0.00390026488690368,0.1290396126214478,67975,2403,613709,20
trace,1,98,-0.008263237201080798,0.002434426758878978,0.9961639277183598,0.9663347152768873,0.999705223440632,0.9827367627989192,0.003834426758878978,0.1290396126214478,67828,2363,613896,20
trace,1,99,-0.009012229545831918,0.0026222114371695837,0.9959769764775355,0.9648455787427825,0.9997501028988064,0.9819877704541681,0.004022211437169584,0.1290396126214478,68011,2478,613601,17
trace,2,0,-0.030981973608235847,0.007803967983374734,0.9908616387861962,0.9232227744897544,0.9998679906713408,0.9600180263917641,0.009203967983374734,0.09493872558481131,68168,5669,610261,9
trace,2,1,-0.031379213483146096,0.007918414343017686,0.9907436661534587,0.9225254175499237,0.9998243996663594,0.9596207865168539,0.009318414343017686,0.09493872558481131,68325,5738,610032,12
trace,2,2,-0.03178229976432512,0.007997263298718672,0.990677221933433,0.9217435980638706,0.9998680022879604,0.9592177002356749,0.009397263298718673,0.09493872558481131,68174,5788,610136,9
trace,2,3,-0.030258136172913508,0.007618208501629933,0.9910354206769233,0.9246002660368651,0.9998238687234886,0.9607418638270865,0.009018208501629934,0.09493872558481131,68119,5555,610421,12
trace,2,4,-0.031629539268640094,0.007936616515357858,0.9907294350692794,0.9220384928164814,0.999853023310503,0.9593704607313599,0.009336616515357858,0.09493872558481131,68028,5752,610317,10
trace,2,5,-0.03153349858456689,0.007918696161801138,0.990770868219366,0.9222906654031002,0.9997651927620669,0.9594665014154331,0.009318696161801138,0.09493872558481131,68125,5740,610226,16
trace,2,6,-0.03126309275434069,0.007823574313546354,0.9908426655104824,0.9227034745359353,0.999867374005305,0.9597369072456593,0.009223574313546354,0.09493872558481131,67851,5684,610563,9
trace,2,7,-0.031258193631129805,0.00785974025974026,0.9908138228682942,0.9227121216227202,0.9998678549928789,0.9597418063688702,0.00925974025974026,0.09493872558481131,68098,5704,610296,9
trace,2,8,-0.030226865440519224,0.007625027482653857,0.991066711743627,0.9246954895877085,0.9997802648540959,0.9607731345594808,0.009025027482653858,0.09493872558481131,68249,5558,610285,15
trace,2,9,-0.03214067364845741,0.008021640731600867,0.9906519213811137,0.921057640021751,0.999896694214876,0.9588593263515426,0.009421640731600867,0.09493872558481131,67753,5807,610540,7
trace,2,10,-0.031186003385711203,0.007869649692337922,0.9908032192791233,0.9228950816571884,0.999809757953581,0.9598139966142888,0.009269649692337923,0.09493872558481131,68321,5708,610065,13
trace,2,11,-0.031175402843268807,0.007870761780882647,0.990789423287702,0.9228523938865691,0.9998828696925329,0.9598245971567312,0.009270761780882647,0.09493872558481131,68292,5709,610098,8
trace,2,12,-0.031071887899806194,0.007839589423764049,0.9908314316819054,0.9231807931728263,0.9997221694181643,0.9599281121001938,0.00923958942376405,0.09493872558481131,68368,5689,610031,19
trace,2,13,-0.0317781254635483,0.007949297950652065,0.990751562990071,0.921789302199294,0.999823298140213,0.9592218745364517,0.009349297950652065,0.09493872558481131,67899,5761,610435,12
trace,2,14,-0.0315419635648847,0.007963992315225175,0.9906960982450415,0.9221872849219309,0.999868313238909,0.9594580364351153,0.009363992315225176,0.09493872558481131,68335,5766,609997,9
trace,2,15,-0.03167010926613456,0.007958583923689798,0.9907491584935443,0.92193847153767,0.999882517071738,0.9593298907338654,0.009358583923689798,0.09493872558481131,68087,5765,610247,8
trace,2,16,-0.03160188655230445,0.007885237899738254,0.9907734199728193,0.9222152741904788,0.9997052755673446,0.9593981134476955,0.009285237899738254,0.09493872558481131,67840,5722,610525,20
trace,2,17,-0.03184931564866911,0.007975857127323068,0.9906939640297878,0.9216327305777501,0.9998528329654157,0.9591506843513309,0.009375857127323068,0.09493872558481131,67940,5777,610380,10
trace,2,18,-0.0312624222075496,0.007895497432532941,0.990779304249645,0.9226914817465999,0.999882912550311,0.9597375777924504,0.009295497432532942,0.09493872558481131,68317,5724,610058,8
trace,2,19,-0.031646638295481644,0.00797499492519329,0.9906891309860675,0.9220686303625908,0.9997804449648712,0.9593533617045183,0.00937499492519329,0.09493872558481131,68305,5773,610014,15
trace,2,20,-0.030565772310972128,0.007746906035885889,0.990918261635096,0.9240173258308707,0.9998393902670502,0.9604342276890279,0.00914690603588589,0.09493872558481131,68478,5631,609987,11
trace,2,21,-0.03125281117810863,0.007805449937862401,0.9908713018342603,0.9226975476839238,0.9998966530347099,0.9597471888218914,0.009205449937862402,0.09493872558481131,67726,5674,610700,7
trace,2,22,-0.03084119833314558,0.007775250366945069,0.9908980824780044,0.923483135417654,0.9998680564718301,0.9601588016668544,0.00917525036694507,0.09493872558481131,68202,5651,610245,9
trace,2,23,-0.03196416165381677,0.008004673611573185,0.9906673748617885,0.921383221185153,0.999896943642895,0.9590358383461832,0.009404673611573185,0.09493872558481131,67917,5795,610388,7
trace,2,24,-0.031192417241597603,0.007873136158086593,0.9907982101000335,0.9227710990006626,0.9999413850707776,0.9598075827584024,0.009273136158086594,0.09493872558481131,68238,5711,610154,4
trace,2,25,-0.03158952287779504,0.007948297970097785,0.990719870932261,0.9220997091253467,0.9998679693688935,0.959410477122205,0.009348297970097785,0.09493872558481131,68157,5758,610183,9
trace,2,26,-0.031454574402592694,0.00786176827081748,0.9908309827106088,0.9223496442612469,0.9998672762129479,0.9595454255974073,0.00926176827081748,0.09493872558481131,67801,5708,610589,9
trace,2,27,-0.030911056977353524,0.007734983579745324,0.9909193448780453,0.923316852585843,0.9999114978980751,0.9600889430226465,0.009134983579745324,0.09493872558481131,67789,5630,610682,6
trace,2,28,-0.03149347902714139,0.00791420928239358,0.9907707984471018,0.9222398395468282,0.9999118411966088,0.9595065209728586,0.00931420928239358,0.09493872558481131,68053,5738,610310,6
trace,2,29,-0.03203897572143244,0.008005472245256289,0.9906658368028958,0.9213077361718305,0.9998231913953146,0.9589610242785676,0.009405472245256289,0.09493872558481131,67858,5796,610441,12
trace,2,30,-0.031082905673502137,0.00775190013041701,0.9909314322203672,0.922986622986623,0.9999260606598347,0.9599170943264979,0.00915190013041701,0.09493872558481131,67618,5642,610842,5
trace,2,31,-0.0311768374070438,0.007820247214936769,0.9908358050668219,0.9228502362974632,0.9998822888924856,0.9598231625929562,0.009220247214936769,0.09493872558481131,67955,5681,610463,8
trace,2,32,-0.03211298625785319,0.007982314726049062,0.9906839781182002,0.9211967628545737,0.9997929851540782,0.9588870137421468,0.009382314726049062,0.09493872558481131,67614,5784,610695,14
trace,2,33,-0.02986472425291331,0.00753126771722577,0.99113688146579,0.9253291706257636,0.9998239978879746,0.9611352757470867,0.00893126771722577,0.09493872558481131,68169,5501,610425,12
trace,2,34,-0.031216327364144036,0.00784598542397592,0.9908241152496075,0.9228769145348916,0.9997652719910803,0.959783672635856,0.00924598542397592,0.09493872558481131,68148,5695,610248,16
trace,2,35,-0.03150559779047568,0.007924508815589332,0.9907450404834064,0.9222049163675764,0.9999265742481203,0.9594944022095243,0.009324508815589333,0.09493872558481131,68091,5744,610267,5
trace,2,36,-0.03096047012317793,0.007767462002428208,0.99089965346945,0.9233129667345553,0.9998088656913916,0.9600395298768221,0.009167462002428208,0.09493872558481131,68002,5648,610444,13
trace,2,37,-0.03154511596411036,0.007915227694744906,0.9907469622613302,0.9221819956880771,0.9998676840294624,0.9594548840358896,0.009315227694744906,0.09493872558481131,68010,5739,610349,9
trace,2,38,-0.0318896734333628,0.007983606440315427,0.990699963113729,0.9215457468893743,0.9998675028707711,0.9591103265666372,0.009383606440315427,0.09493872558481131,67917,5782,610399,9
trace,2,39,-0.0316834136851899,0.007948388583895254,0.9907210023447068,0.9219763991816938,0.9998090060971131,0.9593165863148101,0.009348388583895254,0.09493872558481131,68052,5759,610283,13
trace,2,40,-0.031522710684408484,0.007959485106514286,0.9907053833193257,0.9222477064220184,0.9998391060145098,0.9594772893155915,0.009359485106514286,0.09493872558481131,68357,5763,609976,11
trace,2,41,-0.031775715983321295,0.007991394144667088,0.9906799169808556,0.9218304434203235,0.999780136022514,0.9592242840166787,0.009391394144667088,0.09493872558481131,68209,5784,610099,15
trace,2,42,-0.03179742674348729,0.007954832951729711,0.990702971815604,0.9216786446941188,0.9999115670321896,0.9592025732565127,0.009354832951729711,0.09493872558481131,67842,5765,610494,6
trace,2,43,-0.032607150433466736,0.008117752084137836,0.9905721042541886,0.9203346325696359,0.9997344545253375,0.9583928495665333,0.009517752084137836,0.09493872558481131,67767,5866,610456,18
trace,2,44,-0.031173218794521285,0.007824915550548739,0.9908573164320014,0.9229193793402778,0.9998089864527315,0.9598267812054787,0.009224915550548739,0.09493872558481131,68045,5683,610366,13
trace,2,45,-0.0318307132685719,0.007982142115104923,0.9906874698495495,0.9216918887428703,0.9998236409329395,0.9591692867314281,0.009382142115104923,0.09493872558481131,68031,5780,610284,12
trace,2,46,-0.03266168601503339,0.008206252425103863,0.9904727278820215,0.9201085562291562,0.999882618775127,0.9583383139849666,0.009606252425103863,0.09493872558481131,68146,5917,610036,8
trace,2,47,-0.031411586440200145,0.007901570553143136,0.9907915945173865,0.9223661391719055,0.9999412473194089,0.9595884135597998,0.009301570553143136,0.09493872558481131,68078,5730,610295,4
trace,2,48,-0.033103930450440355,0.008307666134206049,0.9903723972919328,0.9192688293980262,0.9999118929793389,0.9578960695495596,0.00970766613420605,0.09493872558481131,68093,5980,610028,6
trace,2,49,-0.031761177136389374,0.007923502495570282,0.9907358099744626,0.9218709633557686,0.9997640639976406,0.9592388228636106,0.009323502495570282,0.09493872558481131,67799,5746,610546,16
trace,2,50,-0.031029265684577867,0.007819523046372024,0.9908605137010111,0.9231726788082159,0.9998241500586167,0.9599707343154221,0.009219523046372025,0.09493872558481131,68228,5678,610189,12
trace,2,51,-0.030905509153800748,0.007795958519942709,0.990872184506416,0.9234139810394493,0.9998096437409397,0.9600944908461992,0.00919595851994271,0.09493872558481131,68280,5663,610151,13
trace,2,52,-0.03135899751636939,0.007868081279936632,0.9908080051424539,0.9225384594513932,0.999852971447055,0.9596410024836306,0.009268081279936632,0.09493872558481131,68004,5710,610383,10
trace,2,53,-0.03153948867455891,0.007873111384427664,0.9908086720429623,0.9222554754455177,0.9997935377309797,0.9594605113254411,0.009273111384427664,0.09493872558481131,67795,5715,610583,14
trace,2,54,-0.031015637653235006,0.007886028865671108,0.9907913797529619,0.9232711158855915,0.9997382731846337,0.959984362346765,0.009286028865671108,0.09493872558481131,68756,5714,609619,18
trace,2,55,-0.03170883931092916,0.007940121624450831,0.9907290374933941,0.9219046843619388,0.9998381114970272,0.9592911606890708,0.009340121624450831,0.09493872558481131,67937,5755,610404,11
trace,2,56,-0.03131009933308948,0.007889011493954268,0.9907896657489331,0.9226159880968484,0.9998680700108475,0.9596899006669105,0.009289011493954268,0.09493872558481131,68209,5721,610168,9
trace,2,57,-0.03122781901358318,0.007851338026911507,0.9908089549839051,0.9227557977202185,0.9998825049935378,0.9597721809864168,0.009251338026911507,0.09493872558481131,68080,5699,610320,8
trace,2,58,-0.03136223424953133,0.007839366777223192,0.9908289767663322,0.9225453655086107,0.9998378322595863,0.9596377657504687,0.009239366777223193,0.09493872558481131,67820,5694,610582,11
trace,2,59,-0.0315701368300223,0.007926737784733372,0.9907507854818932,0.922222974345089,0.9997651755312904,0.9594298631699777,0.009326737784733372,0.09493872558481131,68120,5745,610226,16
trace,2,60,-0.03191399251495952,0.0080033659277728,0.9906584673373263,0.9215380864665728,0.9998236616655156,0.9590860074850405,0.0094033659277728,0.09493872558481131,68039,5793,610263,12
trace,2,61,-0.03227650223643075,0.008031069973867468,0.9906280658578902,0.9208322553411675,0.9998669308336045,0.9587234977635692,0.009431069973867468,0.09493872558481131,67625,5814,610659,9
trace,2,62,-0.031401484480431896,0.007919039484538091,0.9907592316691404,0.9224469939595411,0.999868172430461,0.9595985155195681,0.009319039484538091,0.09493872558481131,68262,5739,610097,9
trace,2,63,-0.029976524306846275,0.007604442928271482,0.9910484167336989,0.9251461830360157,0.9997956860570327,0.9610234756931537,0.009004442928271482,0.09493872558481131,68508,5543,610042,14
trace,2,64,-0.031156750677295952,0.0077975509978888465,0.9908916295971373,0.9229000884173298,0.9998673661872199,0.959843249322704,0.009197550997888847,0.09493872558481131,67847,5668,610583,9
trace,2,65,-0.030976150591976337,0.007726079727482866,0.9909509883608252,0.9231966362693169,0.9999112845990064,0.9600238494080237,0.009126079727482866,0.09493872558481131,67626,5626,610849,6
trace,2,66,-0.030865921474302782,0.007818079455784081,0.9908406187687504,0.923449429411606,0.9998539485022419,0.9601340785256972,0.009218079455784081,0.09493872558481131,68459,5675,609963,10
trace,2,67,-0.031875891824821645,0.0079917594047449,0.9907008653991315,0.9216084759311195,0.9998236201954877,0.9591241081751783,0.0093917594047449,0.09493872558481131,68023,5786,610286,12
trace,2,68,-0.031054655200343673,0.00781826573867077,0.9908531473267485,0.923088384693532,0.9998679499970655,0.9599453447996563,0.00921826573867077,0.09493872558481131,68147,5678,610273,9
trace,2,69,-0.030798999218799472,0.007759311289934987,0.9909157151926851,0.9236237103631293,0.999794814673682,0.9602010007812005,0.009159311289934987,0.09493872558481131,68217,5641,610235,14
trace,2,70,-0.030714796011644396,0.007750534823184385,0.9909240788692131,0.9237668768094375,0.9998096521026122,0.9602852039883556,0.009150534823184385,0.09493872558481131,68283,5635,610176,13
trace,2,71,-0.03176759001396001,0.00792159670872687,0.9907538648438197,0.9217464727351964,0.9998965858558998,0.95923240998604,0.00932159670872687,0.09493872558481131,67682,5746,610672,7
trace,2,72,-0.031238071731802597,0.007833181665446505,0.9908633898931544,0.9228620250074588,0.999735558559088,0.9597619282681974,0.009233181665446505,0.09493872558481131,68050,5688,610351,18
trace,2,73,-0.030417837581219964,0.00760519380637373,0.9910629565738993,0.9243178378083536,0.9998082482742344,0.96058216241878,0.00900519380637373,0.09493872558481131,67783,5550,610761,13
trace,2,74,-0.03159577171496131,0.007922511170296506,0.9907586598490742,0.9220634726801535,0.9998970042963922,0.9594042282850387,0.009322511170296506,0.09493872558481131,67957,5744,610399,7
trace,2,75,-0.031206243660543254,0.007852104005402878,0.9908150774580248,0.9228081106340327,0.9998679170519086,0.9597937563394567,0.009252104005402878,0.09493872558481131,68130,5699,610269,9
trace,2,76,-0.03082010813249403,0.007751152295174582,0.9909043218708842,0.9235598828379258,0.9998238376957971,0.960179891867506,0.009151152295174582,0.09493872558481131,68107,5637,610351,12
trace,2,77,-0.03121617960404699,0.007834205353534206,0.9908231004885946,0.9228149675738746,0.9998383018756982,0.959783820395953,0.009234205353534206,0.09493872558481131,68017,5689,610390,11
trace,2,78,-0.03176931205748701,0.007973148381127082,0.9907204755450393,0.9218176648206573,0.9998090818304647,0.959230687942513,0.009373148381127083,0.09493872558481131,68079,5774,610241,13
trace,2,79,-0.030817397920365197,0.007755023329967237,0.9909262108663555,0.9235773239188475,0.9998092750986635,0.9601826020796348,0.009155023329967238,0.09493872558481131,68148,5639,610307,13
trace,2,80,-0.03171345482745247,0.007943351951861284,0.9907138906931524,0.9219959073599762,0.9997208099450436,0.9592865451725475,0.009343351951861284,0.09493872558481131,68035,5756,610297,19
trace,2,81,-0.030823195709399065,0.007768904634948675,0.9909089122462117,0.9235414381846,0.9998387593263072,0.9601768042906009,0.009168904634948676,0.09493872558481131,68210,5647,610239,11
trace,2,82,-0.03148047710138402,0.007931363252581671,0.9907341657283445,0.9223010883525992,0.9998680874140736,0.959519522898616,0.009331363252581671,0.09493872558481131,68218,5747,610133,9
trace,2,83,-0.030942828717359427,0.007851332468034575,0.9908149335132957,0.923257286851999,0.9999124343257443,0.9600571712826406,0.009251332468034576,0.09493872558481131,68514,5695,609892,6
trace,2,84,-0.030874847417675655,0.007822473078110027,0.9908578419450383,0.9233831248566301,0.9999123281265981,0.9601251525823243,0.009222473078110027,0.09493872558481131,68431,5678,609992,6
trace,2,85,-0.03155116158862559,0.007874026722046906,0.9908045049688649,0.9221963602705977,0.9998376671290694,0.9594488384113744,0.009274026722046906,0.09493872558481131,67751,5716,610629,11
trace,2,86,-0.031019728034946792,0.007806572365996561,0.9908742877189158,0.9231530164236544,0.9998679073590278,0.9599802719650532,0.00920657236599656,0.09493872558481131,68125,5671,610302,9
trace,2,87,-0.03177989061127329,0.007912210514361731,0.9907501223896926,0.9218367013453892,0.9997637051039697,0.9592201093887267,0.009312210514361732,0.09493872558481131,67696,5740,610655,16
trace,2,88,-0.030743995498821897,0.0077599954532906815,0.9909367370505834,0.9236753802024138,0.9998535377945721,0.9602560045011781,0.009159995453290682,0.09493872558481131,68267,5641,610189,10
trace,2,89,-0.03064807559019478,0.007684639040579028,0.9909939916470941,0.9238284439122626,0.9998821831462991,0.9603519244098052,0.009084639040579028,0.09493872558481131,67894,5598,610607,8
trace,2,90,-0.03169779810658435,0.007893399885474946,0.9907893721019584,0.921913121703218,0.9998521759697256,0.9593022018934156,0.009293399885474946,0.09493872558481131,67638,5729,610730,10
trace,2,91,-0.031545096937341977,0.007950453638281322,0.9907208624547215,0.922243828660941,0.9997950459682614,0.959454903062658,0.009350453638281322,0.09493872558481131,68294,5758,610041,14
trace,2,92,-0.03185069051392342,0.007941154136344828,0.9907392733816509,0.9217182018438443,0.9997492699330404,0.9591493094860766,0.009341154136344829,0.09493872558481131,67785,5757,610548,17
trace,2,93,-0.03108152651368734,0.007849621229959289,0.9908125449924471,0.9230135023720384,0.9998975079797359,0.9599184734863127,0.009249621229959289,0.09493872558481131,68291,5696,610113,7
trace,2,94,-0.031799380761382,0.008000220474946544,0.9906646992106257,0.9216996186406297,0.9998826359955402,0.959200619238618,0.009400220474946545,0.09493872558481131,68156,5790,610153,8
trace,2,95,-0.030365638766519765,0.007647812322428768,0.991022988836806,0.9244010960688027,0.9998239359126723,0.9606343612334802,0.009047812322428768,0.09493872558481131,68145,5573,610377,12
trace,2,96,-0.03148722997339426,0.007900151431785093,0.9907800965495223,0.9222639768826905,0.9998970406542331,0.9595127700266057,0.009300151431785093,0.09493872558481131,67981,5730,610389,7
trace,2,97,-0.031106933061310627,0.00783407661669408,0.9908629028444912,0.9230540258967108,0.9997948297086582,0.9598930669386894,0.00923407661669408,0.09493872558481131,68222,5687,610184,14
trace,2,98,-0.031411883626086934,0.007979137795179647,0.9907190558082541,0.9223652183268111,0.9999416841614183,0.9595881163739131,0.009379137795179647,0.09493872558481131,68588,5773,609742,4
trace,2,99,-0.030824779394730717,0.0077943083317227185,0.9908793662554825,0.9235506218855083,0.9998245614035087,0.9601752206052693,0.009194308331722719,0.09493872558481131,68388,5661,610046,12
trace,3,0,-0.03287635429386149,0.008219800431333156,0.9903840738031762,0.9196758851506077,0.9999263384307139,0.9581236457061385,0.009619800431333156,0.08887801218370184,67873,5928,610301,5
trace,3,1,-0.03426118447885462,0.008574467311503669,0.9900292638841353,0.9171520250229197,0.9998971102683952,0.9567388155211454,0.009974467311503669,0.08887801218370184,68027,6145,609928,7
trace,3,2,-0.03296787713425786,0.008274015390110068,0.9903287615993457,0.9195566775112383,0.9998678937866045,0.9580321228657421,0.009674015390110069,0.08887801218370184,68118,5959,610021,9
trace,3,3,-0.03420353509055851,0.008551161239326158,0.9900528891323696,0.9172827846735024,0.9998676431659754,0.9567964649094415,0.009951161239326158,0.08887801218370184,67989,6131,609978,9
trace,3,4,-0.03393748117852213,0.008534000688575493,0.9900695325181359,0.9178330602047121,0.9997951509298685,0.9570625188214779,0.009934000688575494,0.08887801218370184,68329,6117,609647,14
trace,3,5,-0.034695186674487455,0.008613999808577357,0.9899892948536141,0.9163923990627497,0.999852224028373,0.9563048133255125,0.010013999808577357,0.08887801218370184,67660,6173,610264,10
trace,3,6,-0.033002521567905285,0.008211079750063263,0.990393023347773,0.9194436513439654,0.9999260694060416,0.9579974784320947,0.009611079750063263,0.08887801218370184,67626,5925,610551,5
trace,3,7,-0.03416430759739486,0.008566777408637873,0.9900352277288812,0.9174778166173703,0.9997216565828219,0.9568356924026051,0.009966777408637873,0.08887801218370184,68242,6138,609708,19
trace,3,8,-0.033671927846674166,0.008410699748768185,0.9901928815475777,0.9182854130337808,0.9998380995834744,0.9573280721533258,0.009810699748768185,0.08887801218370184,67932,6045,610119,11
trace,3,9,-0.034139077230706416,0.008521414219449413,0.9900824087496021,0.9174632750054007,0.9997940116236298,0.9568609227692936,0.009921414219449413,0.08887801218370184,67951,6113,610029,14
trace,3,10,-0.03466431125249847,0.008660665863847495,0.9899431238415954,0.916386786981211,0.9999264110677754,0.9563356887475015,0.010060665863847495,0.08887801218370184,67940,6199,609963,5
trace,3,11,-0.0333672200774916,0.008364531132052499,0.9902388858522992,0.9188335784743682,0.9998531614343191,0.9576327799225084,0.009764531132052499,0.08887801218370184,68092,6015,609990,10
trace,3,12,-0.03359726035091659,0.00843572488545553,0.9901665159387388,0.9183975861418681,0.9998680139025355,0.9574027396490834,0.00983572488545553,0.08887801218370184,68180,6058,609860,9
trace,3,13,-0.03472230428360412,0.008666286218828922,0.989937404214075,0.9163914315372275,0.9997940903943169,0.9562776957163959,0.010066286218828923,0.08887801218370184,67977,6202,609914,14
trace,3,14,-0.03359589339096991,0.008442778579697767,0.9901605352618478,0.9183876787204825,0.9998827392120075,0.9574041066090301,0.009842778579697767,0.08887801218370184,68216,6062,609821,8
trace,3,15,-0.033839018889202155,0.008450729797889639,0.990153835770745,0.9179408146435766,0.9998821952907567,0.9571609811107978,0.009850729797889639,0.08887801218370184,67901,6070,610128,8
trace,3,16,-0.03425247406951193,0.008610718809887289,0.9899929111887684,0.9172784003220829,0.9997659689616335,0.9567475259304881,0.01001071880988729,0.08887801218370184,68351,6164,609576,16
trace,3,17,-0.033590489012298885,0.008445313448928756,0.990158134546465,0.9184346118144028,0.9998389010119946,0.9574095109877011,0.009845313448928757,0.08887801218370184,68270,6063,609763,11
trace,3,18,-0.0341811165062168,0.008567349178696273,0.9900351533171835,0.9173977395048439,0.9997800457504838,0.9568188834937832,0.009967349178696273,0.08887801218370184,68181,6139,609772,15
trace,3,19,-0.03420522658631542,0.008547317681198936,0.9900562018382622,0.9172673523932939,0.9998822854284075,0.9567947734136846,0.009947317681198936,0.08887801218370184,67953,6129,610017,8
trace,3,20,-0.03332957148798488,0.008327882213750493,0.9902754526534993,0.9189156284241711,0.9998380924345011,0.9576704285120151,0.009727882213750493,0.08887801218370184,67929,5994,610173,11
trace,3,21,-0.033713251054172555,0.008478880988959948,0.990124233172964,0.9182579249365065,0.9997805381205285,0.9572867489458274,0.009878880988959948,0.08887801218370184,68334,6083,609675,15
trace,3,22,-0.03410937215140164,0.008563270992527546,0.9900392928612985,0.9174925035969288,0.9998241629423401,0.9568906278485984,0.009963270992527546,0.08887801218370184,68233,6136,609726,12
trace,3,23,-0.03315488025702995,0.008284833100152893,0.9903177194761863,0.919299431971869,0.999764667813911,0.95784511974297,0.009684833100152893,0.08887801218370184,67973,5967,610151,16
trace,3,24,-0.0333184494947365,0.008352383302595008,0.9902498583966063,0.9189852590125022,0.9997799134326169,0.9576815505052635,0.009752383302595008,0.08887801218370184,68140,6007,609945,15
trace,3,25,-0.03415004463312976,0.008550781777569997,0.9900531018195887,0.9173809908889967,0.999867792875505,0.9568499553668702,0.009950781777569997,0.08887801218370184,68066,6130,609902,9
trace,3,26,-0.033556941144955776,0.008387549639640956,0.9902153621942437,0.9184349684207679,0.9999116555745332,0.9574430588550442,0.009787549639640956,0.08887801218370184,67910,6031,610160,6
trace,3,27,-0.03425413033986391,0.00854217439216571,0.9900612100441243,0.9172765819537094,0.9997645119510185,0.9567458696601361,0.00994217439216571,0.08887801218370184,67928,6126,610037,16
trace,3,28,-0.03431274849843502,0.008555472183096305,0.9900477020988562,0.9170822689859304,0.999867379868264,0.956687251501565,0.009955472183096305,0.08887801218370184,67854,6135,610109,9
trace,3,29,-0.03335370190753317,0.008374731483044793,0.9902296419468847,0.9187964448999959,0.9999266119681203,0.9576462980924668,0.009774731483044793,0.08887801218370184,68126,6021,609955,5
trace,3,30,-0.03472687521022533,0.008712638687500305,0.9898919010518755,0.9163577759871072,0.9998241603657464,0.9562731247897747,0.010112638687500305,0.08887801218370184,68232,6228,609635,12
trace,3,31,-0.03406106486395888,0.008603476362360417,0.9900002170089302,0.9175315718284207,0.9998832474715781,0.9569389351360411,0.010003476362360417,0.08887801218370184,68513,6158,609428,8
trace,3,32,-0.034150081771291974,0.008613904139405241,0.9899897475985223,0.9173802918827645,0.9998685421322466,0.956849918228708,0.010013904139405241,0.08887801218370184,68454,6165,609479,9
trace,3,33,-0.03409760506100312,0.008495544327949923,0.99010788935108,0.9174282116892084,0.9999262199530758,0.9569023949389969,0.009895544327949923,0.08887801218370184,67764,6099,610239,5
trace,3,34,-0.03443174107080005,0.008595942546457843,0.9900073952086721,0.9168881991768437,0.9998381329370043,0.9565682589291999,0.009995942546457843,0.08887801218370184,67946,6159,609991,11
trace,3,35,-0.03418016356015463,0.008483096530533448,0.9901200954618483,0.9174257211017133,0.9997488958804154,0.9568198364398454,0.009883096530533448,0.08887801218370184,67684,6092,610314,17
trace,3,36,-0.03425032765399738,0.008596151579070435,0.9900068180455962,0.9172702960583785,0.9997802841658122,0.9567496723460026,0.009996151579070436,0.08887801218370184,68255,6156,609681,15
trace,3,37,-0.03398054198010281,0.008594199432291777,0.9900089816784172,0.9177530854292858,0.999796067006555,0.9570194580198972,0.009994199432291778,0.08887801218370184,68636,6151,609306,14
trace,3,38,-0.03382183084744805,0.008488837838320504,0.9901154017520492,0.9179597004471742,0.9998973004694836,0.9571781691525519,0.009888837838320504,0.08887801218370184,68153,6091,609856,7
trace,3,39,-0.034204683158586824,0.00849247730472983,0.9901098310551941,0.9173309473455886,0.9998079167836404,0.9567953168414132,0.00989247730472983,0.08887801218370184,67666,6098,610330,13
trace,3,40,-0.03485816562376687,0.008688339910686467,0.9899157095387098,0.9160556838281957,0.9998968327659136,0.9561418343762331,0.010088339910686467,0.08887801218370184,67844,6217,610039,7
trace,3,41,-0.034316431872129405,0.00860022727789268,0.9900033784250308,0.9170627280438383,0.9998825619118921,0.9566835681278706,0.01000022727789268,0.08887801218370184,68113,6160,609826,8
trace,3,42,-0.034052878718856205,0.008557374254049446,0.9900456455489648,0.9175839683883714,0.9998389033713131,0.9569471212811438,0.009957374254049446,0.08887801218370184,68271,6132,609693,11
trace,3,43,-0.03316208637128437,0.008353388352447116,0.9902503058686085,0.9191862107940096,0.9998829056951742,0.9578379136287156,0.009753388352447117,0.08887801218370184,68313,6006,609780,8
trace,3,44,-0.03384758652255038,0.008448650841955771,0.9901542666894885,0.9180365512676779,0.9997499338060075,0.9571524134774496,0.009848650841955771,0.08887801218370184,67965,6068,610057,17
trace,3,45,-0.033625254725599074,0.008426745371542862,0.9901767462322444,0.9183956858779913,0.9998092023189257,0.9573747452744009,0.009826745371542862,0.08887801218370184,68122,6053,609919,13
trace,3,46,-0.034433408466229,0.008551265728321036,0.9900509034376019,0.9169104898136108,0.9998079848751164,0.956566591533771,0.009951265728321036,0.08887801218370184,67690,6134,610270,13
trace,3,47,-0.033559932411025395,0.008398670354355759,0.9902042614243786,0.918454181975362,0.9998823581312589,0.9574400675889746,0.009798670354355759,0.08887801218370184,67995,6037,610067,8
trace,3,48,-0.03362170599319403,0.008416415019910424,0.9901855592711989,0.9184270875489006,0.9997797292137801,0.957378294006806,0.009816415019910424,0.08887801218370184,68083,6047,609962,15
trace,3,49,-0.034915422149933484,0.008703813191432043,0.9898991241465322,0.9159999460327312,0.9998380065975495,0.9560845778500665,0.010103813191432044,0.08887801218370184,67893,6226,609977,11
trace,3,50,-0.0346298457104699,0.008652527010180761,0.98995021276011,0.9165611274285252,0.9997942477550961,0.9563701542895301,0.010052527010180761,0.08887801218370184,68029,6193,609871,14
trace,3,51,-0.03360184042195036,0.008446617498530477,0.9901568207262418,0.9184013994482945,0.9998535034646431,0.9573981595780496,0.009846617498530478,0.08887801218370184,68251,6064,609782,10
trace,3,52,-0.03435620931167516,0.008558119753813601,0.9900452782467699,0.9170148607899612,0.9998525639135435,0.9566437906883248,0.009958119753813601,0.08887801218370184,67816,6137,610144,10
trace,3,53,-0.033022287123940175,0.008202143613682406,0.9904004002135305,0.9194448224248197,0.9998816182781378,0.9579777128760598,0.009602143613682406,0.08887801218370184,67570,5920,610609,8
trace,3,54,-0.033399099985937264,0.008366265474887905,0.9902363202474306,0.9188244660036972,0.9997944471362081,0.9576009000140627,0.009766265474887905,0.08887801218370184,68095,6016,609982,14
trace,3,55,-0.035498894568600114,0.008829813805704939,0.9897726857963831,0.914991167388109,0.9997642517202258,0.9555011054313999,0.01022981380570494,0.08887801218370184,67853,6304,609934,16
trace,3,56,-0.03459560037951992,0.008644622928945817,0.9899573730178689,0.9166363550633849,0.9997795932761255,0.9564043996204801,0.010044622928945817,0.08887801218370184,68041,6188,609863,15
trace,3,57,-0.03414635175031633,0.008549077733967278,0.9900543107389814,0.9173877881116054,0.9998677831643896,0.9568536482496837,0.009949077733967278,0.08887801218370184,68061,6129,609908,9
trace,3,58,-0.033694443661376305,0.008412099750396801,0.990190251206803,0.9182564255100524,0.9998233449631233,0.9573055563386237,0.009812099750396801,0.08887801218370184,67917,6046,610132,12
trace,3,59,-0.03535234616465299,0.008826110669242132,0.9897772445649038,0.9152348532755674,0.999794229610359,0.955647653835347,0.010226110669242132,0.08887801218370184,68023,6300,609770,14
trace,3,60,-0.033867981790591806,0.008491603095570127,0.9901116852881937,0.9178995876788746,0.9998678996036988,0.9571320182094082,0.009891603095570127,0.08887801218370184,68121,6093,609884,9
trace,3,61,-0.034565052365221005,0.008652494375602613,0.9899511011540201,0.9165689959449811,0.9999265148954307,0.956434947634779,0.010052494375602614,0.08887801218370184,68036,6193,609873,5
trace,3,62,-0.034210395138480454,0.008592594469237816,0.9900106580849706,0.9173927636436866,0.9997220230867142,0.9567896048615195,0.009992594469237816,0.08887801218370184,68332,6153,609603,19
trace,3,63,-0.03372556232624746,0.008463341976272777,0.990138874806439,0.918186225657877,0.9998386860243438,0.9572744376737525,0.009863341976272777,0.08887801218370184,68179,6075,609842,11
trace,3,64,-0.03385734306896693,0.008517132589480727,0.9900866533271773,0.9179188731485712,0.9998682361208714,0.9571426569310331,0.009917132589480727,0.08887801218370184,68295,6107,609696,9
trace,3,65,-0.03322797198863792,0.008332379846911856,0.9902716819821542,0.9191023668798748,0.9998385249992661,0.9577720280113621,0.009732379846911856,0.08887801218370184,68111,5995,609990,11
trace,3,66,-0.03426006504429735,0.00860090932119173,0.9900017871637874,0.9172277547070918,0.9998095600837935,0.9567399349557026,0.01000090932119173,0.08887801218370184,68250,6159,609685,13
trace,3,67,-0.03339380387398949,0.00833840511505631,0.9902649248017714,0.9187725876094696,0.9998674267532812,0.9576061961260105,0.00973840511505631,0.08887801218370184,67878,6001,610219,9
trace,3,68,-0.03377954462300525,0.008463946682422145,0.9901398390696384,0.9179880970053577,0.9999558985667034,0.9572204553769947,0.009863946682422145,0.08887801218370184,68022,6077,610005,3
trace,3,69,-0.034683771293120946,0.008697172499452035,0.9899072375934576,0.9164124138116423,0.9998533552322854,0.956316228706879,0.010097172499452035,0.08887801218370184,68182,6219,609696,10
trace,3,70,-0.035043503565693634,0.008779695161154153,0.9898234697546764,0.9157643012601768,0.9998386505317198,0.9559564964343064,0.010179695161154153,0.08887801218370184,68164,6270,609662,11
trace,3,71,-0.033410557760543025,0.008401629058030321,0.9902009843722152,0.9187781739891004,0.999824281384077,0.957589442239457,0.009801629058030321,0.08887801218370184,68279,6036,609780,12
trace,3,72,-0.03435591891589207,0.008650879634667008,0.9899535613887158,0.9169529279158392,0.9999268364062043,0.9566440810841079,0.010050879634667009,0.08887801218370184,68335,6189,609578,5
trace,3,73,-0.034524028744666535,0.008654371208099346,0.989949924593493,0.9166935700834006,0.9998679499970655,0.9564759712553335,0.010054371208099346,0.08887801218370184,68147,6193,609758,9
trace,3,74,-0.03500053513212831,0.00870871452659116,0.989893570809001,0.9159549348984686,0.9997054752157394,0.9559994648678717,0.01010871452659116,0.08887801218370184,67886,6229,609972,20
trace,3,75,-0.03442455273482736,0.008628378834714394,0.989974130395316,0.9168886736094293,0.9998532756217445,0.9565754472651726,0.010028378834714394,0.08887801218370184,68145,6177,609775,10
trace,3,76,-0.034225761091190354,0.008563379952471853,0.9900398657542688,0.9172542094123673,0.9998530513879297,0.9567742389088096,0.009963379952471853,0.08887801218370184,68041,6138,609918,10
trace,3,77,-0.03376785964518936,0.008497886935114033,0.990105724199339,0.9180834621329211,0.9998682650507179,0.9572321403548106,0.009897886935114033,0.08887801218370184,68310,6095,609693,9
trace,3,78,-0.034660854115019735,0.008676151484799735,0.9899274304377367,0.9164546739349889,0.9998531528091867,0.9563391458849803,0.010076151484799735,0.08887801218370184,68088,6207,609802,10
trace,3,79,-0.03378487044018108,0.00849621478715993,0.9901075990751231,0.9180891959461276,0.9998243456876866,0.9572151295598189,0.00989621478715993,0.08887801218370184,68304,6094,609697,12
trace,3,80,-0.034165517965224046,0.008610897651401835,0.9899933238976788,0.9173028160510888,0.9999268770657229,0.956834482034776,0.010010897651401835,0.08887801218370184,68373,6164,609565,5
trace,3,81,-0.034835963209855714,0.008687664482493885,0.9899145332441287,0.916244407309579,0.9997206211033997,0.9561640367901443,0.010087664482493885,0.08887801218370184,67989,6215,609884,19
trace,3,82,-0.03379242669455884,0.00840411243822744,0.9901997166363736,0.9180765685158072,0.9998228337737882,0.9572075733054412,0.00980411243822744,0.08887801218370184,67721,6043,610331,12
trace,3,83,-0.03390114145800738,0.008514156330625586,0.99008837609698,0.9178384488071369,0.999868073878628,0.9570988585419926,0.009914156330625586,0.08887801218370184,68211,6106,609781,9
trace,3,84,-0.03435087089117561,0.008583917324336122,0.9900204473559441,0.9169378248835482,0.9999558277872667,0.9566491291088244,0.009983917324336122,0.08887801218370184,67913,6152,610039,3
trace,3,85,-0.033963171409476245,0.008486831409315793,0.9901160696421183,0.9178113614896775,0.9997648269273168,0.9570368285905237,0.009886831409315794,0.08887801218370184,68019,6091,609981,16
trace,3,86,-0.03447091258635382,0.00859870167808108,0.9900052362141812,0.9168286624547761,0.9998233397618032,0.9565290874136462,0.00999870167808108,0.08887801218370184,67915,6161,610019,12
trace,3,87,-0.03364411775025433,0.00844285848820708,0.9901605365019761,0.918385481178308,0.9997801521347228,0.9573558822497457,0.00984285848820708,0.08887801218370184,68214,6062,609816,15
trace,3,88,-0.0341277428038641,0.008573207761630267,0.9900302366847256,0.9174340292247509,0.999853494879646,0.9568722571961359,0.009973207761630267,0.08887801218370184,68247,6142,609708,10
trace,3,89,-0.03422790913762397,0.008549102146279393,0.990054320468855,0.9172627885004724,0.9998381662767946,0.956772090862376,0.009949102146279393,0.08887801218370184,67960,6130,610006,11
trace,3,90,-0.034203773798090475,0.008506708850490792,0.990097691115541,0.917320009207729,0.9998228965272961,0.9567962262019095,0.009906708850490793,0.08887801218370184,67745,6106,610244,12
trace,3,91,-0.03376168014375558,0.008474803340092967,0.9901280934402777,0.9181073948403081,0.999853363833656,0.9572383198562444,0.009874803340092967,0.08887801218370184,68186,6082,609829,10
trace,3,92,-0.03366053760125576,0.008468688148155365,0.9901348098575175,0.9183056179171092,0.9998389953308646,0.9573394623987442,0.009868688148155365,0.08887801218370184,68310,6077,609709,11
trace,3,93,-0.03351573032919708,0.008422260759995193,0.9901807283858121,0.9185846186976769,0.9998242041575717,0.9574842696708029,0.009822260759995193,0.08887801218370184,68249,6049,609797,12
trace,3,94,-0.03454773150938373,0.008675374518151912,0.9899273701726456,0.9166498757471959,0.9998681299359697,0.9564522684906163,0.010075374518151912,0.08887801218370184,68240,6205,609653,9
trace,3,95,-0.033738151020722196,0.008516139186535491,0.9900876335090398,0.9181009618609394,0.999912337093098,0.9572618489792778,0.009916139186535491,0.08887801218370184,68438,6105,609558,6
trace,3,96,-0.03400404455317152,0.008549077351762482,0.9900542231871873,0.9176367791369808,0.9998828199381875,0.9569959554468285,0.009949077351762483,0.08887801218370184,68263,6127,609709,8
trace,3,97,-0.033884101384104914,0.008506182718005838,0.9900974954061721,0.917906832799591,0.9998241217077782,0.9571158986158951,0.009906182718005838,0.08887801218370184,68217,6101,609777,12
trace,3,98,-0.03262072960921314,0.008212558678013383,0.990392651974865,0.920171523348481,0.9998974298860006,0.9583792703907869,0.009612558678013383,0.08887801218370184,68239,5920,609941,7
trace,3,99,-0.033838112599032466,0.008505218426304363,0.9900971009503982,0.9179666487358795,0.9998535227772082,0.9571618874009675,0.009905218426304364,0.08887801218370184,68260,6100,609737,10
trace,4,0,-0.02359840389557688,0.006012144101040167,0.9925874995558125,0.9370164526761456,0.99982341515098,0.9674015961044231,0.007412144101040167,0.10640643077092993,67944,4567,611584,12
trace,4,1,-0.023855854953420796,0.006030524353985573,0.9925674921637578,0.9365213535459912,0.9998372684774247,0.9671441450465792,0.0074305243539855735,0.10640643077092993,67585,4581,611930,11
trace,4,2,-0.023167911532923302,0.005942434791645017,0.9926571806902217,0.9378367975365666,0.9998094819374221,0.9678320884670767,0.007342434791645017,0.10640643077092993,68222,4522,611350,13
trace,4,3,-0.02379364898702485,0.006058095888876806,0.9925402032424019,0.9366888037697374,0.9997794052766258,0.9672063510129751,0.007458095888876806,0.10640643077092993,67983,4595,611514,15
trace,4,4,-0.024472474936672706,0.00618641389436454,0.9924126153556173,0.9354170407303565,0.9997785716394556,0.9665275250633273,0.00758641389436454,0.10640643077092993,67727,4676,611689,15
trace,4,5,-0.024079276930923044,0.006152347625581527,0.9924457336476301,0.93620377482717,0.9997217014295758,0.966920723069077,0.007552347625581528,0.10640643077092993,68253,4651,611184,19
trace,4,6,-0.023449595625925523,0.005984613387086827,0.9926141991428659,0.9372439761113334,0.9998822854284075,0.9675504043740745,0.007384613387086827,0.10640643077092993,67953,4550,611596,8
trace,4,7,-0.02479744151530139,0.006346763655498009,0.992251315663637,0.9347683387123242,0.9998244741538191,0.9662025584846986,0.007746763655498009,0.10640643077092993,68354,4770,610971,12
trace,4,8,-0.02349510357546214,0.005960217513326909,0.9926394672492658,0.9371719773447994,0.9998670310999483,0.9675048964245379,0.007360217513326909,0.10640643077092993,67676,4537,611885,9
trace,4,9,-0.024178787728179607,0.006158380207952857,0.9924407052526504,0.9359920814946179,0.9997503744383425,0.9668212122718204,0.007558380207952857,0.10640643077092993,68085,4656,611349,17
trace,4,10,-0.023806113381908633,0.006063558744278155,0.9925345936868264,0.9366910833287437,0.999750172674769,0.9671938866180914,0.007463558744278155,0.10640643077092993,68030,4598,611462,17
trace,4,11,-0.023162630488990366,0.005998512172689366,0.9926010118020143,0.9378455489877547,0.9998108072708222,0.9678373695110096,0.007398512172689367,0.10640643077092993,68700,4553,610841,13
trace,4,12,-0.024000185876263624,0.006058740092593494,0.9925394434092457,0.9363413587340265,0.999733920678798,0.9669998141237364,0.007458740092593494,0.10640643077092993,67631,4598,611860,18
trace,4,13,-0.02409672574772248,0.006161943144969448,0.9924361713220586,0.9361197223670132,0.9997802519777322,0.9669032742522775,0.0075619431449694486,0.10640643077092993,68245,4657,611190,15
trace,4,14,-0.023467118091253902,0.00601072704363301,0.9925872213915743,0.9373008022859655,0.9997801972363466,0.9675328819087461,0.00741072704363301,0.10640643077092993,68228,4564,611300,15
trace,4,15,-0.024272322252018363,0.006193025521137736,0.9924053439332287,0.9357652003131395,0.9998092359164746,0.9667276777479816,0.007593025521137736,0.10640643077092993,68134,4677,611283,13
trace,4,16,-0.02334572292370618,0.00595782261690465,0.9926404086310204,0.9375163686989124,0.9997942023872524,0.9676542770762938,0.007357822616904651,0.10640643077092993,68014,4533,611546,14
trace,4,17,-0.023527022996179148,0.006012578330465274,0.9925861714213946,0.9371758004375405,0.9997945014458292,0.9674729770038208,0.0074125783304652745,0.10640643077092993,68113,4566,611414,14
trace,4,18,-0.023603045988878413,0.0060136347259324655,0.9925845875892694,0.9369948415216132,0.9998381043491059,0.9673969540111216,0.007413634725932466,0.10640643077092993,67934,4568,611594,11
trace,4,19,-0.023817135313906057,0.006082713778486346,0.9925152527010314,0.9366443063726838,0.999779910203363,0.9671828646860939,0.007482713778486346,0.10640643077092993,68139,4609,611344,15
trace,4,20,-0.02346357070900551,0.0059989644372354465,0.9925989807588386,0.9373591026557431,0.9997214484679666,0.9675364292909945,0.007398964437235447,0.10640643077092993,68191,4557,611340,19
trace,4,21,-0.02349904497799915,0.006040166831245777,0.9925582029299662,0.9372147526828667,0.9998099276262885,0.9675009550220008,0.007440166831245777,0.10640643077092993,68382,4581,611131,13
trace,4,22,-0.024473550396012067,0.00618884611578587,0.992411144355858,0.9353376183564863,0.9998670134168686,0.9665264496039879,0.00758884611578587,0.10640643077092993,67667,4678,611753,9
trace,4,23,-0.02507842745674227,0.0063209616239490955,0.9922772652977022,0.9343341658272736,0.9997194868084981,0.9659215725432577,0.007720961623949096,0.10640643077092993,67714,4759,611615,19
trace,4,24,-0.023399255779471217,0.005956055479555423,0.992643832864765,0.93739036753636,0.9998232174425457,0.9676007442205288,0.007356055479555423,0.10640643077092993,67868,4533,611694,12
trace,4,25,-0.023715013209244296,0.0060860387812534,0.9925130916113089,0.9367583510528843,0.9998682168272469,0.9672849867907557,0.0074860387812534,0.10640643077092993,68285,4610,611203,9
trace,4,26,-0.024051695149722274,0.0061316266625103906,0.9924663824100171,0.9362687182305262,0.9997066201170586,0.9669483048502777,0.007531626662510391,0.10640643077092993,68151,4639,611297,20
trace,4,27,-0.02411116807656155,0.0061122567117769915,0.9924854522540288,0.9361710929097378,0.9996907854050712,0.9668888319234384,0.007512256711776992,0.10640643077092993,67893,4629,611564,21
trace,4,28,-0.02354605842109747,0.006018062796198913,0.9925809368301027,0.9371786058022824,0.9997506527032181,0.9674539415789025,0.007418062796198913,0.10640643077092993,68161,4569,611360,17
trace,4,29,-0.023999318723742502,0.006134494542727126,0.992464288336085,0.9362254713351289,0.999867918990314,0.9670006812762575,0.007534494542727126,0.10640643077092993,68131,4641,611326,9
trace,4,30,-0.024274708819810864,0.006232447077206449,0.9923669754484273,0.9357472003062913,0.9998246793092365,0.9667252911801891,0.007632447077206449,0.10640643077092993,68434,4699,610962,12
trace,4,31,-0.024544133667218415,0.006281277333086493,0.9923175176353732,0.9352427370553927,0.9998243662549031,0.9664558663327816,0.0076812773330864935,0.10640643077092993,68312,4730,611053,12
trace,4,32,-0.02424873820183071,0.006145185927984851,0.9924530625772183,0.9358231202384896,0.9997935712179298,0.9667512617981693,0.0075451859279848515,0.10640643077092993,67806,4650,611637,14
trace,4,33,-0.024034909230321366,0.006132528673122347,0.9924669955739441,0.9362102860913678,0.9998091378905333,0.9669650907696786,0.007532528673122347,0.10640643077092993,68099,4640,611355,13
trace,4,34,-0.024316956116178567,0.006178486834204778,0.9924210284931703,0.9356305995864921,0.9998674306588696,0.9666830438838214,0.007578486834204778,0.10640643077092993,67880,4670,611548,9
trace,4,35,-0.023582849553351437,0.005975679402936643,0.9926215889049419,0.9371109205101956,0.9997491034136694,0.9674171504466486,0.007375679402936643,0.10640643077092993,67740,4546,611804,17
trace,4,36,-0.02367796222258778,0.00598403640109333,0.9926143137002792,0.9369328179336908,0.9997486768575737,0.9673220377774122,0.0073840364010933305,0.10640643077092993,67625,4552,611913,17
trace,4,37,-0.02465340062587773,0.006242195954990548,0.9923570159159195,0.9350264170724641,0.9998377389662497,0.9663465993741223,0.0076421959549905485,0.10640643077092993,67781,4710,611605,11
trace,4,38,-0.02276717842767073,0.005807824246594907,0.9927901343788698,0.9386551371660635,0.9997351811802092,0.9682328215723293,0.0072078242465949075,0.10640643077092993,67953,4441,611695,18
trace,4,39,-0.024526077420457426,0.006223690236061775,0.9923756218575583,0.935251798561151,0.9998526594960955,0.9664739225795426,0.007623690236061775,0.10640643077092993,67860,4698,611539,10
trace,4,40,-0.023600831335385708,0.006044329888538005,0.99255498332785,0.9369984610311092,0.9998387144072022,0.9673991686646143,0.007444329888538005,0.10640643077092993,68191,4585,611320,11
trace,4,41,-0.024129481532167207,0.006121066287611416,0.9924782391426383,0.9360336737510351,0.9998083669919514,0.9668705184678328,0.007521066287611416,0.10640643077092993,67825,4635,611634,13
trace,4,42,-0.023877468286367165,0.00612421862946512,0.9924746624345184,0.9365177237911237,0.999795207864018,0.9671225317136328,0.00752421862946512,0.10640643077092993,68348,4633,611112,14
trace,4,43,-0.023776335980426166,0.006108453710049927,0.9924910498149029,0.9366816413740207,0.9998245639683631,0.9672236640195738,0.007508453710049927,0.10640643077092993,68389,4623,611083,12
trace,4,44,-0.023671638282869334,0.006016603779709016,0.9925808377003689,0.9369437737150742,0.9997497129059804,0.9673283617171307,0.007416603779709016,0.10640643077092993,67905,4570,611615,17
trace,4,45,-0.024095936321742784,0.006127634063152905,0.9924706403131759,0.9362375039533573,0.9996476288357069,0.9669040636782572,0.007527634063152905,0.10640643077092993,68086,4637,611360,24
trace,4,46,-0.02388637767161894,0.006093907952861111,0.9925039560989255,0.9365402328874469,0.999750513648371,0.967113622328381,0.007493907952861111,0.10640643077092993,68123,4616,611351,17
trace,4,47,-0.0241382350009256,0.006115539038283646,0.9924823503291644,0.9361461564977593,0.9996613513553307,0.9668617649990744,0.007515539038283646,0.10640643077092993,67894,4631,611559,23
trace,4,48,-0.02346734849987253,0.006029408440457554,0.9925701959159773,0.9372229921648806,0.9998682496230475,0.9675326515001275,0.007429408440457554,0.10640643077092993,68302,4575,611221,9
trace,4,49,-0.02391103303878772,0.006108531315040116,0.9924908653142683,0.9364296121175468,0.9998238945715502,0.9670889669612123,0.007508531315040116,0.10640643077092993,68129,4625,611341,12
trace,4,50,-0.024289156798198763,0.0061537157628441565,0.992442771856708,0.9357860177674778,0.999749462080349,0.9667108432018012,0.007553715762844157,0.10640643077092993,67837,4655,611598,17
trace,4,51,-0.024067177685510477,0.006148946394363453,0.9924508066014129,0.9360982849604221,0.9998678937866045,0.9669328223144895,0.007548946394363453,0.10640643077092993,68118,4650,611330,9
trace,4,52,-0.02386525034271625,0.006091700689106596,0.9925080566757339,0.9365155787880872,0.9998237678435058,0.9671347496572837,0.007491700689106596,0.10640643077092993,68080,4615,611400,12
trace,4,53,-0.023544672637211383,0.006024544996996411,0.9925751721532567,0.937129658908121,0.9998093198586033,0.9674553273627886,0.007424544996996412,0.10640643077092993,68164,4573,611357,13
trace,4,54,-0.023543957140007454,0.005985684981304528,0.9926122595894524,0.9371833979765076,0.9997496871088861,0.9674560428599925,0.007385684981304528,0.10640643077092993,67898,4551,611641,17
trace,4,55,-0.023655637263592322,0.006052677930655998,0.9925460332023041,0.9369470850046706,0.9997801263540552,0.9673443627364077,0.007452677930655998,0.10640643077092993,68206,4590,611296,15
trace,4,56,-0.024655111579037214,0.0062569405020992475,0.9923424468234263,0.9350486653175292,0.9998086377955074,0.9663448884209628,0.007656940502099248,0.10640643077092993,67921,4718,611455,13
trace,4,57,-0.024500192529842146,0.0061918600462748125,0.992406483331076,0.9354166379108062,0.9997197185384059,0.9664998074701578,0.007591860046274813,0.10640643077092993,67770,4679,611639,19
trace,4,58,-0.023388836732952112,0.005977372486702063,0.9926210338419075,0.9373708143861099,0.9998677132022225,0.9676111632670479,0.007377372486702063,0.10640643077092993,68025,4545,611528,9
trace,4,59,-0.024033375912538957,0.006090946614228418,0.9925078262192641,0.9362010833517577,0.9998229122087274,0.966966624087461,0.007490946614228418,0.10640643077092993,67751,4617,611727,12
trace,4,60,-0.02314140795740105,0.0059070774124960436,0.992691716454173,0.9378871704308716,0.9998088010354159,0.9678585920425989,0.007307077412496044,0.10640643077092993,67979,4502,611613,13
trace,4,61,-0.02323841266018256,0.0059678313047573425,0.9926314592272056,0.9377170704921408,0.999795087965809,0.9677615873398174,0.007367831304757343,0.10640643077092993,68308,4537,611248,14
trace,4,62,-0.02425004259185648,0.006166681277293463,0.992431112184476,0.9359356745240877,0.9996623456699503,0.9667499574081435,0.007566681277293463,0.10640643077092993,68094,4661,611329,23
trace,4,63,-0.022686145466923824,0.005830985577001146,0.9927686866812764,0.9387676525995903,0.9997803324302555,0.9683138545330762,0.007230985577001146,0.10640643077092993,68270,4453,611369,15
trace,4,64,-0.023754476539944003,0.006048683779107326,0.9925493527633277,0.93678802154359,0.999750091877986,0.967245523460056,0.007448683779107327,0.10640643077092993,68008,4589,611493,17
trace,4,65,-0.023986530027110264,0.006124778193566193,0.9924744807839787,0.9363009180363916,0.999809221918934,0.9670134699728897,0.007524778193566193,0.10640643077092993,68129,4635,611330,13
trace,4,66,-0.023331744410396094,0.0059764010372099895,0.9926232890956034,0.9375549813063558,0.999780136022514,0.9676682555896039,0.00737640103720999,0.10640643077092993,68209,4543,611340,15
trace,4,67,-0.022783940074693976,0.00586069820277014,0.9927380232953418,0.9385708201090914,0.9997950999619472,0.968216059925306,0.00726069820277014,0.10640643077092993,68312,4471,611310,14
trace,4,68,-0.024416324417111723,0.006222285321865,0.992376276501879,0.935533921926705,0.9997652237710932,0.9665836755828883,0.007622285321865,0.10640643077092993,68134,4695,611262,16
trace,4,69,-0.024264624351410857,0.006189701638375713,0.9924105118450467,0.9356640662621593,0.9999411842550251,0.9667353756485891,0.007589701638375713,0.10640643077092993,68005,4676,611422,4
trace,4,70,-0.023838303601006472,0.00614368121244813,0.9924548451191206,0.936616065090373,0.9997668488160292,0.9671616963989935,0.00754368121244813,0.10640643077092993,68609,4643,610839,16
trace,4,71,-0.02447662585072552,0.0062543867397573455,0.9923446264829644,0.9353821690974887,0.9998095266003428,0.9665233741492745,0.007654386739757346,0.10640643077092993,68238,4714,611142,13
trace,4,72,-0.023427533666577016,0.006015178542428593,0.9925844077053628,0.9373619589820975,0.9997951509298685,0.967572466333423,0.007415178542428593,0.10640643077092993,68329,4566,611198,14
trace,4,73,-0.023790251432051046,0.006096037623093512,0.9925028411163267,0.9366942783476877,0.9997804288955573,0.967209748567949,0.007496037623093512,0.10640643077092993,68300,4616,611176,15
trace,4,74,-0.023498494456055785,0.006030778948941,0.9925679417002922,0.9371903095189075,0.9998389222433739,0.9675015055439442,0.007430778948941,0.10640643077092993,68279,4576,611241,11
trace,4,75,-0.024127368653076298,0.006134491154033436,0.9924642278283856,0.936088776296949,0.9997500257326452,0.9668726313469237,0.007534491154033436,0.10640643077092993,67990,4642,611458,17
trace,4,76,-0.02414537007483064,0.006167307801584247,0.9924319148091368,0.9359902220635291,0.9998239643234362,0.9668546299251694,0.0075673078015842474,0.10640643077092993,68156,4661,611278,12
trace,4,77,-0.023435466566245844,0.005986315673274849,0.9926126717103274,0.9373606101489579,0.9997797453856658,0.9675645334337541,0.007386315673274849,0.10640643077092993,68088,4550,611454,15
trace,4,78,-0.023088210731928238,0.005944330881433395,0.992654513876149,0.9379732250630967,0.9998245460128081,0.9679117892680718,0.0073443308814333955,0.10640643077092993,68382,4522,611191,12
trace,4,79,-0.024323330618310712,0.0061464842013736806,0.9924516178070568,0.935657874718192,0.9998226452461536,0.9666766693816893,0.007546484201373681,0.10640643077092993,67649,4652,611794,12
trace,4,80,-0.02354234890547091,0.006054880916804178,0.9925435512230266,0.9371077800005481,0.9998391883396927,0.9674576510945291,0.007454880916804178,0.10640643077092993,68392,4590,611114,11
trace,4,81,-0.023501077715666785,0.006041073229841611,0.9925570203663936,0.937274930510865,0.9997371111435666,0.9674989222843332,0.007441073229841611,0.10640643077092993,68452,4581,611056,18
trace,4,82,-0.023880084815107283,0.006075670797816052,0.9925227942311727,0.9365267480638315,0.9997793306362633,0.9671199151848927,0.007475670797816052,0.10640643077092993,67960,4606,611526,15
trace,4,83,-0.023800768601216937,0.006065775101640036,0.9925333371970742,0.9365980731327443,0.999867573055531,0.967199231398783,0.007465775101640036,0.10640643077092993,67953,4600,611545,9
trace,4,84,-0.02301742522386574,0.005881273687268808,0.9927182093260466,0.9381070640176601,0.9998235449813252,0.9679825747761343,0.007281273687268808,0.10640643077092993,67994,4486,611615,12
trace,4,85,-0.02422639617017941,0.006156760915186071,0.9924419278973352,0.9358774841277493,0.9997793144034133,0.9667736038298206,0.007556760915186071,0.10640643077092993,67955,4656,611481,15
trace,4,86,-0.02446310124024076,0.0062467618155458175,0.992353264957229,0.935356363486639,0.9998679577464789,0.9665368987597592,0.007646761815545818,0.10640643077092993,68151,4710,611237,9
trace,4,87,-0.02412750452775836,0.006117515990744677,0.9924810568955309,0.9360374414976599,0.9998082963443587,0.9668724954722416,0.007517515990744677,0.10640643077092993,67800,4633,611661,13
trace,4,88,-0.023090921925737695,0.005964301414862145,0.9926347964796971,0.9379805718976604,0.9998104127169316,0.9679090780742623,0.007364301414862145,0.10640643077092993,68557,4533,611004,13
trace,4,89,-0.024532429203850792,0.006332511652397761,0.9922662614501511,0.9352890774817414,0.9997964613349228,0.9664675707961492,0.007732511652397761,0.10640643077092993,68769,4758,610566,14
trace,4,90,-0.02390138120368135,0.006084126056639788,0.9925151361325673,0.9364867284673343,0.9997794214961104,0.9670986187963186,0.007484126056639788,0.10640643077092993,67988,4611,611493,15
trace,4,91,-0.02364507345850586,0.006049539437257764,0.9925493005197579,0.9369797533034807,0.9997654990473399,0.9673549265414941,0.0074495394372577645,0.10640643077092993,68214,4588,611289,16
trace,4,92,-0.023363475506214426,0.005942382177077164,0.9926576083008635,0.937444702499447,0.9998378107398779,0.9676365244937856,0.007342382177077164,0.10640643077092993,67811,4525,611760,11
trace,4,93,-0.024202625522120824,0.006157950782416726,0.9924401469469994,0.9359603878687848,0.9997355546740712,0.9667973744778792,0.007557950782416726,0.10640643077092993,68049,4656,611384,18
trace,4,94,-0.024982170024598016,0.006335104324906841,0.9922636370595379,0.9344492277222276,0.9997939813111618,0.966017829975402,0.0077351043249068415,0.10640643077092993,67941,4766,611386,14
trace,4,95,-0.02419372913011486,0.006193855408185968,0.9924045361251492,0.935950469824398,0.9997658970532292,0.9668062708698851,0.007593855408185969,0.10640643077092993,68330,4676,611085,16
trace,4,96,-0.02394065852913818,0.0061049188631095005,0.9924932816728411,0.9364256442696444,0.9997650893394606,0.9670593414708618,0.007504918863109501,0.10640643077092993,68095,4623,611373,16
trace,4,97,-0.023235652759561853,0.005960690050483974,0.9926376076557353,0.9377223954827099,0.9997949258803539,0.9677643472404381,0.007360690050483974,0.10640643077092993,68254,4533,611306,14
trace,4,98,-0.023528019925280197,0.005997945520087905,0.9926011770824421,0.9371613703729235,0.9998087954110899,0.9674719800747198,0.007397945520087905,0.10640643077092993,67977,4558,611559,13
trace,4,99,-0.02347288010450388,0.0060063972309620526,0.9925920044980107,0.9372515577073849,0.9998239255792115,0.9675271198954961,0.007406397230962053,0.10640643077092993,68141,4562,611392,12
