dataset,seed,n_estimators,max_samples,contamination,auc,precision,recall,f1,fpr,threshold,tp,fp,tn,fn
wget,0,50,auto,auto,0.8752000000000001,0.9047619047619048,0.76,0.8260869565217391,0.08,0.013846195268731099,19,2,23,6
wget,0,50,auto,0.01,0.8752000000000001,0.9047619047619048,0.76,0.8260869565217391,0.08,-0.14022819389898522,19,2,23,6
wget,0,50,auto,0.05,0.8752000000000001,0.9047619047619048,0.76,0.8260869565217391,0.08,-0.010614978170254141,19,2,23,6
wget,0,50,auto,0.1,0.8752000000000001,0.9047619047619048,0.76,0.8260869565217391,0.08,0.00023348623958796555,19,2,23,6
wget,0,50,0.5,auto,0.8592,1.0,0.76,0.8636363636363636,0.0,0.05077848652680994,19,0,25,6
wget,0,50,0.5,0.01,0.8592,1.0,0.76,0.8636363636363636,0.0,-0.08398384005393733,19,0,25,6
wget,0,50,0.5,0.05,0.8592,1.0,0.76,0.8636363636363636,0.0,-0.010149544599700744,19,0,25,6
wget,0,50,0.5,0.1,0.8592,1.0,0.76,0.8636363636363636,0.0,0.01309876107441299,19,0,25,6
wget,0,50,1.0,auto,0.8752000000000001,0.9047619047619048,0.76,0.8260869565217391,0.08,0.013846195268731099,19,2,23,6
wget,0,50,1.0,0.01,0.8752000000000001,0.9047619047619048,0.76,0.8260869565217391,0.08,-0.14022819389898522,19,2,23,6
wget,0,50,1.0,0.05,0.8752000000000001,0.9047619047619048,0.76,0.8260869565217391,0.08,-0.010614978170254141,19,2,23,6
wget,0,50,1.0,0.1,0.8752000000000001,0.9047619047619048,0.76,0.8260869565217391,0.08,0.00023348623958796555,19,2,23,6
wget,0,100,auto,auto,0.9024000000000001,0.95,0.76,0.8444444444444444,0.04,0.009161713736517862,19,1,24,6
wget,0,100,auto,0.01,0.9024000000000001,0.95,0.76,0.8444444444444444,0.04,-0.12214027964479945,19,1,24,6
wget,0,100,auto,0.05,0.9024000000000001,0.95,0.76,0.8444444444444444,0.04,-0.021074952855691942,19,1,24,6
wget,0,100,auto,0.1,0.9024000000000001,0.95,0.76,0.8444444444444444,0.04,-0.009272637184982169,19,1,24,6
wget,0,100,0.5,auto,0.8688000000000001,1.0,0.76,0.8636363636363636,0.0,0.03733770755549748,19,0,25,6
wget,0,100,0.5,0.01,0.8688000000000001,1.0,0.76,0.8636363636363636,0.0,-0.09082344961369782,19,0,25,6
wget,0,100,0.5,0.05,0.8688000000000001,1.0,0.76,0.8636363636363636,0.0,-0.020484770325005952,19,0,25,6
wget,0,100,0.5,0.1,0.8688000000000001,1.0,0.76,0.8636363636363636,0.0,-0.0017430840677586934,19,0,25,6
wget,0,100,1.0,auto,0.9024000000000001,0.95,0.76,0.8444444444444444,0.04,0.009161713736517862,19,1,24,6
wget,0,100,1.0,0.01,0.9024000000000001,0.95,0.76,0.8444444444444444,0.04,-0.12214027964479945,19,1,24,6
wget,0,100,1.0,0.05,0.9024000000000001,0.95,0.76,0.8444444444444444,0.04,-0.021074952855691942,19,1,24,6
wget,0,100,1.0,0.1,0.9024000000000001,0.95,0.76,0.8444444444444444,0.04,-0.009272637184982169,19,1,24,6
wget,0,200,auto,auto,0.9008,0.9090909090909091,0.8,0.851063829787234,0.08,-0.0032304152500371996,20,2,23,5
wget,0,200,auto,0.01,0.9008,0.9090909090909091,0.8,0.851063829787234,0.08,-0.1386402482959308,20,2,23,5
wget,0,200,auto,0.05,0.9008,0.9090909090909091,0.8,0.851063829787234,0.08,-0.029214135587674495,20,2,23,5
wget,0,200,auto,0.1,0.9008,0.9090909090909091,0.8,0.851063829787234,0.08,-0.012011960198864635,20,2,23,5
wget,0,200,0.5,auto,0.8816,1.0,0.76,0.8636363636363636,0.0,0.035775018220423616,19,0,25,6
wget,0,200,0.5,0.01,0.8816,1.0,0.76,0.8636363636363636,0.0,-0.09470502486833021,19,0,25,6
wget,0,200,0.5,0.05,0.8816,1.0,0.76,0.8636363636363636,0.0,-0.0009087451441712746,19,0,25,6
wget,0,200,0.5,0.1,0.8816,1.0,0.76,0.8636363636363636,0.0,0.008625553704969535,19,0,25,6
wget,0,200,1.0,auto,0.9008,0.9090909090909091,0.8,0.851063829787234,0.08,-0.0032304152500371996,20,2,23,5
wget,0,200,1.0,0.01,0.9008,0.9090909090909091,0.8,0.851063829787234,0.08,-0.1386402482959308,20,2,23,5
wget,0,200,1.0,0.05,0.9008,0.9090909090909091,0.8,0.851063829787234,0.08,-0.029214135587674495,20,2,23,5
wget,0,200,1.0,0.1,0.9008,0.9090909090909091,0.8,0.851063829787234,0.08,-0.012011960198864635,20,2,23,5
wget,1,50,auto,auto,0.8912,0.9090909090909091,0.8,0.851063829787234,0.08,0.00020811941518816823,20,2,23,5
wget,1,50,auto,0.01,0.8912,0.9090909090909091,0.8,0.851063829787234,0.08,-0.143183757844365,20,2,23,5
wget,1,50,auto,0.05,0.8912,0.9090909090909091,0.8,0.851063829787234,0.08,-0.040363170192474374,20,2,23,5
wget,1,50,auto,0.1,0.8912,0.9090909090909091,0.8,0.851063829787234,0.08,-0.02068810946045574,20,2,23,5
wget,1,50,0.5,auto,0.8543999999999999,0.8260869565217391,0.76,0.7916666666666666,0.16,0.023861309580098133,19,4,21,6
wget,1,50,0.5,0.01,0.8543999999999999,0.8260869565217391,0.76,0.7916666666666666,0.16,-0.09702990621167906,19,4,21,6
wget,1,50,0.5,0.05,0.8543999999999999,0.8260869565217391,0.76,0.7916666666666666,0.16,-0.04125564594741793,19,4,21,6
wget,1,50,0.5,0.1,0.8543999999999999,0.8260869565217391,0.76,0.7916666666666666,0.16,-0.027092937672986928,19,4,21,6
wget,1,50,1.0,auto,0.8912,0.9090909090909091,0.8,0.851063829787234,0.08,0.00020811941518816823,20,2,23,5
wget,1,50,1.0,0.01,0.8912,0.9090909090909091,0.8,0.851063829787234,0.08,-0.143183757844365,20,2,23,5
wget,1,50,1.0,0.05,0.8912,0.9090909090909091,0.8,0.851063829787234,0.08,-0.040363170192474374,20,2,23,5
wget,1,50,1.0,0.1,0.8912,0.9090909090909091,0.8,0.851063829787234,0.08,-0.02068810946045574,20,2,23,5
wget,1,100,auto,auto,0.9024,0.9090909090909091,0.8,0.851063829787234,0.08,-0.005614957278516297,20,2,23,5
wget,1,100,auto,0.01,0.9024,0.9090909090909091,0.8,0.851063829787234,0.08,-0.15580187891874792,20,2,23,5
wget,1,100,auto,0.05,0.9024,0.9090909090909091,0.8,0.851063829787234,0.08,-0.038373972554652414,20,2,23,5
wget,1,100,auto,0.1,0.9024,0.9090909090909091,0.8,0.851063829787234,0.08,-0.013471958468885659,20,2,23,5
wget,1,100,0.5,auto,0.8944000000000001,0.95,0.76,0.8444444444444444,0.04,0.025248451005493555,19,1,24,6
wget,1,100,0.5,0.01,0.8944000000000001,0.95,0.76,0.8444444444444444,0.04,-0.11811012197233872,19,1,24,6
wget,1,100,0.5,0.05,0.8944000000000001,0.95,0.76,0.8444444444444444,0.04,-0.02197114869551564,19,1,24,6
wget,1,100,0.5,0.1,0.8944000000000001,0.95,0.76,0.8444444444444444,0.04,-0.011082335735712934,19,1,24,6
wget,1,100,1.0,auto,0.9024,0.9090909090909091,0.8,0.851063829787234,0.08,-0.005614957278516297,20,2,23,5
wget,1,100,1.0,0.01,0.9024,0.9090909090909091,0.8,0.851063829787234,0.08,-0.15580187891874792,20,2,23,5
wget,1,100,1.0,0.05,0.9024,0.9090909090909091,0.8,0.851063829787234,0.08,-0.038373972554652414,20,2,23,5
wget,1,100,1.0,0.1,0.9024,0.9090909090909091,0.8,0.851063829787234,0.08,-0.013471958468885659,20,2,23,5
wget,1,200,auto,auto,0.9104,0.875,0.84,0.8571428571428571,0.12,-0.009506438152532715,21,3,22,4
wget,1,200,auto,0.01,0.9104,0.875,0.84,0.8571428571428571,0.12,-0.1507027936827937,21,3,22,4
wget,1,200,auto,0.05,0.9104,0.875,0.84,0.8571428571428571,0.12,-0.04010869140964424,21,3,22,4
wget,1,200,auto,0.1,0.9104,0.875,0.84,0.8571428571428571,0.12,-0.01932500945505411,21,3,22,4
wget,1,200,0.5,auto,0.8927999999999999,1.0,0.76,0.8636363636363636,0.0,0.023418794465276505,19,0,25,6
wget,1,200,0.5,0.01,0.8927999999999999,1.0,0.76,0.8636363636363636,0.0,-0.11256284894857438,19,0,25,6
wget,1,200,0.5,0.05,0.8927999999999999,1.0,0.76,0.8636363636363636,0.0,-0.018683768696125314,19,0,25,6
wget,1,200,0.5,0.1,0.8927999999999999,1.0,0.76,0.8636363636363636,0.0,-0.009888311100101577,19,0,25,6
wget,1,200,1.0,auto,0.9104,0.875,0.84,0.8571428571428571,0.12,-0.009506438152532715,21,3,22,4
wget,1,200,1.0,0.01,0.9104,0.875,0.84,0.8571428571428571,0.12,-0.1507027936827937,21,3,22,4
wget,1,200,1.0,0.05,0.9104,0.875,0.84,0.8571428571428571,0.12,-0.04010869140964424,21,3,22,4
wget,1,200,1.0,0.1,0.9104,0.875,0.84,0.8571428571428571,0.12,-0.01932500945505411,21,3,22,4
wget,2,50,auto,auto,0.9024,0.9130434782608695,0.84,0.875,0.08,0.003534882165114328,21,2,23,4
wget,2,50,auto,0.01,0.9024,0.9130434782608695,0.84,0.875,0.08,-0.1307758368442079,21,2,23,4
wget,2,50,auto,0.05,0.9024,0.9130434782608695,0.84,0.875,0.08,-0.026198200640685787,21,2,23,4
wget,2,50,auto,0.1,0.9024,0.9130434782608695,0.84,0.875,0.08,-0.014732307118206278,21,2,23,4
wget,2,50,0.5,auto,0.8752,0.7857142857142857,0.88,0.8301886792452831,0.24,-0.003492107212026252,22,6,19,3
wget,2,50,0.5,0.01,0.8752,0.7857142857142857,0.88,0.8301886792452831,0.24,-0.1605361877592038,22,6,19,3
wget,2,50,0.5,0.05,0.8752,0.7857142857142857,0.88,0.8301886792452831,0.24,-0.05067112059911022,22,6,19,3
wget,2,50,0.5,0.1,0.8752,0.7857142857142857,0.88,0.8301886792452831,0.24,-0.04163190571341763,22,6,19,3
wget,2,50,1.0,auto,0.9024,0.9130434782608695,0.84,0.875,0.08,0.003534882165114328,21,2,23,4
wget,2,50,1.0,0.01,0.9024,0.9130434782608695,0.84,0.875,0.08,-0.1307758368442079,21,2,23,4
wget,2,50,1.0,0.05,0.9024,0.9130434782608695,0.84,0.875,0.08,-0.026198200640685787,21,2,23,4
wget,2,50,1.0,0.1,0.9024,0.9130434782608695,0.84,0.875,0.08,-0.014732307118206278,21,2,23,4
wget,2,100,auto,auto,0.9056,0.9545454545454546,0.84,0.8936170212765957,0.04,0.020154872326959006,21,1,24,4
wget,2,100,auto,0.01,0.9056,0.9545454545454546,0.84,0.8936170212765957,0.04,-0.12325828912859493,21,1,24,4
wget,2,100,auto,0.05,0.9056,0.9545454545454546,0.84,0.8936170212765957,0.04,-0.004610851977827957,21,1,24,4
wget,2,100,auto,0.1,0.9056,0.9545454545454546,0.84,0.8936170212765957,0.04,0.0042429291834605865,21,1,24,4
wget,2,100,0.5,auto,0.8928,0.7857142857142857,0.88,0.8301886792452831,0.24,-0.00012533851080487324,22,6,19,3
wget,2,100,0.5,0.01,0.8928,0.7857142857142857,0.88,0.8301886792452831,0.24,-0.14569641610071227,22,6,19,3
wget,2,100,0.5,0.05,0.8928,0.7857142857142857,0.88,0.8301886792452831,0.24,-0.03982174745105482,22,6,19,3
wget,2,100,0.5,0.1,0.8928,0.7857142857142857,0.88,0.8301886792452831,0.24,-0.029954161161411696,22,6,19,3
wget,2,100,1.0,auto,0.9056,0.9545454545454546,0.84,0.8936170212765957,0.04,0.020154872326959006,21,1,24,4
wget,2,100,1.0,0.01,0.9056,0.9545454545454546,0.84,0.8936170212765957,0.04,-0.12325828912859493,21,1,24,4
wget,2,100,1.0,0.05,0.9056,0.9545454545454546,0.84,0.8936170212765957,0.04,-0.004610851977827957,21,1,24,4
wget,2,100,1.0,0.1,0.9056,0.9545454545454546,0.84,0.8936170212765957,0.04,0.0042429291834605865,21,1,24,4
wget,2,200,auto,auto,0.9168000000000001,0.9545454545454546,0.84,0.8936170212765957,0.04,0.00959062165742286,21,1,24,4
wget,2,200,auto,0.01,0.9168000000000001,0.9545454545454546,0.84,0.8936170212765957,0.04,-0.12453304596991799,21,1,24,4
wget,2,200,auto,0.05,0.9168000000000001,0.9545454545454546,0.84,0.8936170212765957,0.04,-0.009118760581325547,21,1,24,4
wget,2,200,auto,0.1,0.9168000000000001,0.9545454545454546,0.84,0.8936170212765957,0.04,-0.0044143605905730965,21,1,24,4
wget,2,200,0.5,auto,0.8864000000000001,1.0,0.72,0.8372093023255814,0.0,0.035720293977766326,18,0,25,7
wget,2,200,0.5,0.01,0.8864000000000001,1.0,0.72,0.8372093023255814,0.0,-0.09909183285260292,18,0,25,7
wget,2,200,0.5,0.05,0.8864000000000001,1.0,0.72,0.8372093023255814,0.0,-0.006170770366210054,18,0,25,7
wget,2,200,0.5,0.1,0.8864000000000001,1.0,0.72,0.8372093023255814,0.0,0.0033956573388141953,18,0,25,7
wget,2,200,1.0,auto,0.9168000000000001,0.9545454545454546,0.84,0.8936170212765957,0.04,0.00959062165742286,21,1,24,4
wget,2,200,1.0,0.01,0.9168000000000001,0.9545454545454546,0.84,0.8936170212765957,0.04,-0.12453304596991799,21,1,24,4
wget,2,200,1.0,0.05,0.9168000000000001,0.9545454545454546,0.84,0.8936170212765957,0.04,-0.009118760581325547,21,1,24,4
wget,2,200,1.0,0.1,0.9168000000000001,0.9545454545454546,0.84,0.8936170212765957,0.04,-0.0044143605905730965,21,1,24,4
wget,3,50,auto,auto,0.9216,1.0,0.8,0.8888888888888888,0.0,0.020101905407956755,20,0,25,5
wget,3,50,auto,0.01,0.9216,1.0,0.8,0.8888888888888888,0.0,-0.12269375920815195,20,0,25,5
wget,3,50,auto,0.05,0.9216,1.0,0.8,0.8888888888888888,0.0,-0.011004757558033873,20,0,25,5
wget,3,50,auto,0.1,0.9216,1.0,0.8,0.8888888888888888,0.0,0.005621955426849623,20,0,25,5
wget,3,50,0.5,auto,0.9056,0.8148148148148148,0.88,0.8461538461538461,0.2,0.004862396720218709,22,5,20,3
wget,3,50,0.5,0.01,0.9056,0.8148148148148148,0.88,0.8461538461538461,0.2,-0.13164190205826853,22,5,20,3
wget,3,50,0.5,0.05,0.9056,0.8148148148148148,0.88,0.8461538461538461,0.2,-0.0412604788383808,22,5,20,3
wget,3,50,0.5,0.1,0.9056,0.8148148148148148,0.88,0.8461538461538461,0.2,-0.02761157174394102,22,5,20,3
wget,3,50,1.0,auto,0.9216,1.0,0.8,0.8888888888888888,0.0,0.020101905407956755,20,0,25,5
wget,3,50,1.0,0.01,0.9216,1.0,0.8,0.8888888888888888,0.0,-0.12269375920815195,20,0,25,5
wget,3,50,1.0,0.05,0.9216,1.0,0.8,0.8888888888888888,0.0,-0.011004757558033873,20,0,25,5
wget,3,50,1.0,0.1,0.9216,1.0,0.8,0.8888888888888888,0.0,0.005621955426849623,20,0,25,5
wget,3,100,auto,auto,0.9168,0.8461538461538461,0.88,0.8627450980392157,0.16,-0.009111543868952354,22,4,21,3
wget,3,100,auto,0.01,0.9168,0.8461538461538461,0.88,0.8627450980392157,0.16,-0.15976275724862937,22,4,21,3
wget,3,100,auto,0.05,0.9168,0.8461538461538461,0.88,0.8627450980392157,0.16,-0.03641667735806625,22,4,21,3
wget,3,100,auto,0.1,0.9168,0.8461538461538461,0.88,0.8627450980392157,0.16,-0.016564540250911197,22,4,21,3
wget,3,100,0.5,auto,0.8912,0.95,0.76,0.8444444444444444,0.04,0.024436206100966973,19,1,24,6
wget,3,100,0.5,0.01,0.8912,0.95,0.76,0.8444444444444444,0.04,-0.12269977644713392,19,1,24,6
wget,3,100,0.5,0.05,0.8912,0.95,0.76,0.8444444444444444,0.04,-0.02527078023037821,19,1,24,6
wget,3,100,0.5,0.1,0.8912,0.95,0.76,0.8444444444444444,0.04,-0.003112925070388184,19,1,24,6
wget,3,100,1.0,auto,0.9168,0.8461538461538461,0.88,0.8627450980392157,0.16,-0.009111543868952354,22,4,21,3
wget,3,100,1.0,0.01,0.9168,0.8461538461538461,0.88,0.8627450980392157,0.16,-0.15976275724862937,22,4,21,3
wget,3,100,1.0,0.05,0.9168,0.8461538461538461,0.88,0.8627450980392157,0.16,-0.03641667735806625,22,4,21,3
wget,3,100,1.0,0.1,0.9168,0.8461538461538461,0.88,0.8627450980392157,0.16,-0.016564540250911197,22,4,21,3
wget,3,200,auto,auto,0.9024,0.9090909090909091,0.8,0.851063829787234,0.08,0.005059900622582214,20,2,23,5
wget,3,200,auto,0.01,0.9024,0.9090909090909091,0.8,0.851063829787234,0.08,-0.14340326206643583,20,2,23,5
wget,3,200,auto,0.05,0.9024,0.9090909090909091,0.8,0.851063829787234,0.08,-0.01539194572775704,20,2,23,5
wget,3,200,auto,0.1,0.9024,0.9090909090909091,0.8,0.851063829787234,0.08,-0.0021065482273409097,20,2,23,5
wget,3,200,0.5,auto,0.8912,0.95,0.76,0.8444444444444444,0.04,0.020808273466759952,19,1,24,6
wget,3,200,0.5,0.01,0.8912,0.95,0.76,0.8444444444444444,0.04,-0.12952267975964404,19,1,24,6
wget,3,200,0.5,0.05,0.8912,0.95,0.76,0.8444444444444444,0.04,-0.02246899143411174,19,1,24,6
wget,3,200,0.5,0.1,0.8912,0.95,0.76,0.8444444444444444,0.04,-0.0021680692369844268,19,1,24,6
wget,3,200,1.0,auto,0.9024,0.9090909090909091,0.8,0.851063829787234,0.08,0.005059900622582214,20,2,23,5
wget,3,200,1.0,0.01,0.9024,0.9090909090909091,0.8,0.851063829787234,0.08,-0.14340326206643583,20,2,23,5
wget,3,200,1.0,0.05,0.9024,0.9090909090909091,0.8,0.851063829787234,0.08,-0.01539194572775704,20,2,23,5
wget,3,200,1.0,0.1,0.9024,0.9090909090909091,0.8,0.851063829787234,0.08,-0.0021065482273409097,20,2,23,5
wget,4,50,auto,auto,0.8927999999999999,0.9090909090909091,0.8,0.851063829787234,0.08,0.0011812530160526524,20,2,23,5
wget,4,50,auto,0.01,0.8927999999999999,0.9090909090909091,0.8,0.851063829787234,0.08,-0.13981906558952117,20,2,23,5
wget,4,50,auto,0.05,0.8927999999999999,0.9090909090909091,0.8,0.851063829787234,0.08,-0.03337470114154817,20,2,23,5
wget,4,50,auto,0.1,0.8927999999999999,0.9090909090909091,0.8,0.851063829787234,0.08,-0.007093316305870179,20,2,23,5
wget,4,50,0.5,auto,0.9087999999999999,0.9130434782608695,0.84,0.875,0.08,0.0142472237421567,21,2,23,4
wget,4,50,0.5,0.01,0.9087999999999999,0.9130434782608695,0.84,0.875,0.08,-0.16339386432709457,21,2,23,4
wget,4,50,0.5,0.05,0.9087999999999999,0.9130434782608695,0.84,0.875,0.08,-0.024327349410086074,21,2,23,4
wget,4,50,0.5,0.1,0.9087999999999999,0.9130434782608695,0.84,0.875,0.08,-0.016806380377574204,21,2,23,4
wget,4,50,1.0,auto,0.8927999999999999,0.9090909090909091,0.8,0.851063829787234,0.08,0.0011812530160526524,20,2,23,5
wget,4,50,1.0,0.01,0.8927999999999999,0.9090909090909091,0.8,0.851063829787234,0.08,-0.13981906558952117,20,2,23,5
wget,4,50,1.0,0.05,0.8927999999999999,0.9090909090909091,0.8,0.851063829787234,0.08,-0.03337470114154817,20,2,23,5
wget,4,50,1.0,0.1,0.8927999999999999,0.9090909090909091,0.8,0.851063829787234,0.08,-0.007093316305870179,20,2,23,5
wget,4,100,auto,auto,0.896,0.95,0.76,0.8444444444444444,0.04,0.010820546723168345,19,1,24,6
wget,4,100,auto,0.01,0.896,0.95,0.76,0.8444444444444444,0.04,-0.12741897558065318,19,1,24,6
wget,4,100,auto,0.05,0.896,0.95,0.76,0.8444444444444444,0.04,-0.031724242804825664,19,1,24,6
wget,4,100,auto,0.1,0.896,0.95,0.76,0.8444444444444444,0.04,-0.0004212266009288035,19,1,24,6
wget,4,100,0.5,auto,0.872,0.95,0.76,0.8444444444444444,0.04,0.03027176443048185,19,1,24,6
wget,4,100,0.5,0.01,0.872,0.95,0.76,0.8444444444444444,0.04,-0.12890034413474472,19,1,24,6
wget,4,100,0.5,0.05,0.872,0.95,0.76,0.8444444444444444,0.04,-0.021550409762877365,19,1,24,6
wget,4,100,0.5,0.1,0.872,0.95,0.76,0.8444444444444444,0.04,-0.004987577536325394,19,1,24,6
wget,4,100,1.0,auto,0.896,0.95,0.76,0.8444444444444444,0.04,0.010820546723168345,19,1,24,6
wget,4,100,1.0,0.01,0.896,0.95,0.76,0.8444444444444444,0.04,-0.12741897558065318,19,1,24,6
wget,4,100,1.0,0.05,0.896,0.95,0.76,0.8444444444444444,0.04,-0.031724242804825664,19,1,24,6
wget,4,100,1.0,0.1,0.896,0.95,0.76,0.8444444444444444,0.04,-0.0004212266009288035,19,1,24,6
wget,4,200,auto,auto,0.9039999999999999,0.9545454545454546,0.84,0.8936170212765957,0.04,0.001085616066279882,21,1,24,4
wget,4,200,auto,0.01,0.9039999999999999,0.9545454545454546,0.84,0.8936170212765957,0.04,-0.14310147972295018,21,1,24,4
wget,4,200,auto,0.05,0.9039999999999999,0.9545454545454546,0.84,0.8936170212765957,0.04,-0.03307612241301339,21,1,24,4
wget,4,200,auto,0.1,0.9039999999999999,0.9545454545454546,0.84,0.8936170212765957,0.04,-0.010963121766095152,21,1,24,4
wget,4,200,0.5,auto,0.8832000000000001,0.95,0.76,0.8444444444444444,0.04,0.031086304768299766,19,1,24,6
wget,4,200,0.5,0.01,0.8832000000000001,0.95,0.76,0.8444444444444444,0.04,-0.12146380174123239,19,1,24,6
wget,4,200,0.5,0.05,0.8832000000000001,0.95,0.76,0.8444444444444444,0.04,-0.01778106998295137,19,1,24,6
wget,4,200,0.5,0.1,0.8832000000000001,0.95,0.76,0.8444444444444444,0.04,-0.0008667263912707224,19,1,24,6
wget,4,200,1.0,auto,0.9039999999999999,0.9545454545454546,0.84,0.8936170212765957,0.04,0.001085616066279882,21,1,24,4
wget,4,200,1.0,0.01,0.9039999999999999,0.9545454545454546,0.84,0.8936170212765957,0.04,-0.14310147972295018,21,1,24,4
wget,4,200,1.0,0.05,0.9039999999999999,0.9545454545454546,0.84,0.8936170212765957,0.04,-0.03307612241301339,21,1,24,4
wget,4,200,1.0,0.1,0.9039999999999999,0.9545454545454546,0.84,0.8936170212765957,0.04,-0.010963121766095152,21,1,24,4
trace,0,50,auto,auto,0.9022392865357898,0.5305836139169473,0.9998531269277091,0.6932735882682418,0.09776939422519687,0.0963742436647348,68076,60228,555793,10
trace,0,50,auto,0.01,0.9022392865357898,0.5305836139169473,0.9998531269277091,0.6932735882682418,0.09776939422519687,-0.04867051186854576,68076,60228,555793,10
trace,0,50,auto,0.05,0.9022392865357898,0.5305836139169473,0.9998531269277091,0.6932735882682418,0.09776939422519687,-0.021855527834366617,68076,60228,555793,10
trace,0,50,auto,0.1,0.9022392865357898,0.5305836139169473,0.9998531269277091,0.6932735882682418,0.09776939422519687,0.04655242484151667,68076,60228,555793,10
trace,0,50,0.5,auto,0.9890920126013717,0.9070690918782064,0.9997796903915636,0.951170605948397,0.011321042626793567,0.09653717336066558,68071,6974,609047,15
trace,0,50,0.5,0.01,0.9890920126013717,0.9070690918782064,0.9997796903915636,0.951170605948397,0.011321042626793567,0.012875078715694155,68071,6974,609047,15
trace,0,50,0.5,0.05,0.9890920126013717,0.9070690918782064,0.9997796903915636,0.951170605948397,0.011321042626793567,0.10259936682842069,68071,6974,609047,15
trace,0,50,0.5,0.1,0.9890920126013717,0.9070690918782064,0.9997796903915636,0.951170605948397,0.011321042626793567,0.14036718587489988,68071,6974,609047,15
trace,0,50,1.0,auto,0.9907040939114603,0.9200297337478037,0.9998090650060218,0.9582617753878206,0.009605192030791158,0.09621490970393987,68073,5917,610104,13
trace,0,50,1.0,0.01,0.9907040939114603,0.9200297337478037,0.9998090650060218,0.9582617753878206,0.009605192030791158,0.03279210298890611,68073,5917,610104,13
trace,0,50,1.0,0.05,0.9907040939114603,0.9200297337478037,0.9998090650060218,0.9582617753878206,0.009605192030791158,0.1184279367547314,68073,5917,610104,13
trace,0,50,1.0,0.1,0.9907040939114603,0.9200297337478037,0.9998090650060218,0.9582617753878206,0.009605192030791158,0.15010606361654316,68073,5917,610104,13
trace,0,100,auto,auto,0.9060965844635317,0.5404615787676943,0.9998531269277091,0.7016516787343142,0.09396270581684715,0.1067799148278995,68076,57883,558138,10
trace,0,100,auto,0.01,0.9060965844635317,0.5404615787676943,0.9998531269277091,0.7016516787343142,0.09396270581684715,-0.03742803929516314,68076,57883,558138,10
trace,0,100,auto,0.05,0.9060965844635317,0.5404615787676943,0.9998531269277091,0.7016516787343142,0.09396270581684715,-0.00573486761578379,68076,57883,558138,10
trace,0,100,auto,0.1,0.9060965844635317,0.5404615787676943,0.9998531269277091,0.7016516787343142,0.09396270581684715,0.05438540711036477,68076,57883,558138,10
trace,0,100,0.5,auto,0.9901721010018688,0.9154003388827627,0.9997796903915636,0.9557312141974615,0.010212314190587659,0.1060937067284845,68071,6291,609730,15
trace,0,100,0.5,0.01,0.9901721010018688,0.9154003388827627,0.9997796903915636,0.9557312141974615,0.010212314190587659,0.015945612931509645,68071,6291,609730,15
trace,0,100,0.5,0.05,0.9901721010018688,0.9154003388827627,0.9997796903915636,0.9557312141974615,0.010212314190587659,0.11416271946293893,68071,6291,609730,15
trace,0,100,0.5,0.1,0.9901721010018688,0.9154003388827627,0.9997796903915636,0.9557312141974615,0.010212314190587659,0.1495519967465464,68071,6291,609730,15
trace,0,100,1.0,auto,0.9927721210628164,0.9319168161220103,0.9997650030843345,0.9646493633484259,0.008072776739754001,0.10903140757501062,68070,4973,611048,16
trace,0,100,1.0,0.01,0.9927721210628164,0.9319168161220103,0.9997650030843345,0.9646493633484259,0.008072776739754001,0.042179892504758065,68070,4973,611048,16
trace,0,100,1.0,0.05,0.9927721210628164,0.9319168161220103,0.9997650030843345,0.9646493633484259,0.008072776739754001,0.13022933788347701,68070,4973,611048,16
trace,0,100,1.0,0.1,0.9927721210628164,0.9319168161220103,0.9997650030843345,0.9646493633484259,0.008072776739754001,0.16388021576410777,68070,4973,611048,16
trace,0,200,auto,auto,0.889166285262659,0.4992044463019585,0.9999559380783127,0.6659493615169048,0.11087284362059086,0.08778547087685307,68083,68300,547721,3
trace,0,200,auto,0.01,0.889166285262659,0.4992044463019585,0.9999559380783127,0.6659493615169048,0.11087284362059086,-0.05796414135153072,68083,68300,547721,3
trace,0,200,auto,0.05,0.889166285262659,0.4992044463019585,0.9999559380783127,0.6659493615169048,0.11087284362059086,-0.009764212014734985,68083,68300,547721,3
trace,0,200,auto,0.1,0.889166285262659,0.4992044463019585,0.9999559380783127,0.6659493615169048,0.11087284362059086,0.03362200715720409,68083,68300,547721,3
trace,0,200,0.5,auto,0.9896138297832767,0.9134227017162486,0.9997796903915636,0.954652230925117,0.010473668917131073,0.10762745548350994,68071,6452,609569,15
trace,0,200,0.5,0.01,0.9896138297832767,0.9134227017162486,0.9997796903915636,0.954652230925117,0.010473668917131073,0.02124763047851519,68071,6452,609569,15
trace,0,200,0.5,0.05,0.9896138297832767,0.9134227017162486,0.9997796903915636,0.954652230925117,0.010473668917131073,0.1167776848098212,68071,6452,609569,15
trace,0,200,0.5,0.1,0.9896138297832767,0.9134227017162486,0.9997796903915636,0.954652230925117,0.010473668917131073,0.15208596837537597,68071,6452,609569,15
trace,0,200,1.0,auto,0.9942927405474258,0.9502868869623488,0.9997650030843345,0.9743982478867997,0.005780647088329781,0.11841372648613879,68070,3561,612460,16
trace,0,200,1.0,0.01,0.9942927405474258,0.9502868869623488,0.9997650030843345,0.9743982478867997,0.005780647088329781,0.05168079520578572,68070,3561,612460,16
trace,0,200,1.0,0.05,0.9942927405474258,0.9502868869623488,0.9997650030843345,0.9743982478867997,0.005780647088329781,0.13833113901848393,68070,3561,612460,16
trace,0,200,1.0,0.1,0.9942927405474258,0.9502868869623488,0.9997650030843345,0.9743982478867997,0.005780647088329781,0.1719774629434883,68070,3561,612460,16
trace,1,50,auto,auto,0.9547239496159674,0.7093692041594598,0.9999265634638546,0.8299524564183836,0.045279300543325636,0.12030654045121514,68081,27893,588128,5
trace,1,50,auto,0.01,0.9547239496159674,0.7093692041594598,0.9999265634638546,0.8299524564183836,0.045279300543325636,-0.043717333145426696,68081,27893,588128,5
trace,1,50,auto,0.05,0.9547239496159674,0.7093692041594598,0.9999265634638546,0.8299524564183836,0.045279300543325636,0.008040869531530603,68081,27893,588128,5
trace,1,50,auto,0.1,0.9547239496159674,0.7093692041594598,0.9999265634638546,0.8299524564183836,0.045279300543325636,0.04373361919434038,68081,27893,588128,5
trace,1,50,0.5,auto,0.9915310883895652,0.9288277593570483,0.9997796903915636,0.9629985923761963,0.00846724381149344,0.10933751508874157,68071,5216,610805,15
trace,1,50,0.5,0.01,0.9915310883895652,0.9288277593570483,0.9997796903915636,0.9629985923761963,0.00846724381149344,0.028201439770077608,68071,5216,610805,15
trace,1,50,0.5,0.05,0.9915310883895652,0.9288277593570483,0.9997796903915636,0.9629985923761963,0.00846724381149344,0.1204838439092713,68071,5216,610805,15
trace,1,50,0.5,0.1,0.9915310883895652,0.9288277593570483,0.9997796903915636,0.9629985923761963,0.00846724381149344,0.15564820497174892,68071,5216,610805,15
trace,1,50,1.0,auto,0.983975735616867,0.8733514650792836,0.9998531269277091,0.9323308270676691,0.016025427704575008,0.07490211221041088,68076,9872,606149,10
trace,1,50,1.0,0.01,0.983975735616867,0.8733514650792836,0.9998531269277091,0.9323308270676691,0.016025427704575008,-0.0028349090099144547,68076,9872,606149,10
trace,1,50,1.0,0.05,0.983975735616867,0.8733514650792836,0.9998531269277091,0.9323308270676691,0.016025427704575008,0.08911971254018475,68076,9872,606149,10
trace,1,50,1.0,0.1,0.983975735616867,0.8733514650792836,0.9998531269277091,0.9323308270676691,0.016025427704575008,0.12751386978180712,68076,9872,606149,10
trace,1,100,auto,auto,0.8926916382236674,0.5072831990939775,0.9999706253855418,0.6731026846400625,0.10734861311546197,0.08842307029503194,68084,66129,549892,2
trace,1,100,auto,0.01,0.8926916382236674,0.5072831990939775,0.9999706253855418,0.6731026846400625,0.10734861311546197,-0.06643025600590091,68084,66129,549892,2
trace,1,100,auto,0.05,0.8926916382236674,0.5072831990939775,0.9999706253855418,0.6731026846400625,0.10734861311546197,-0.016056016884432034,68084,66129,549892,2
trace,1,100,auto,0.1,0.8926916382236674,0.5072831990939775,0.9999706253855418,0.6731026846400625,0.10734861311546197,0.029925290225702006,68084,66129,549892,2
trace,1,100,0.5,auto,0.9924051197856079,0.934989835723312,0.9997796903915636,0.9662999503158493,0.0076831796318632,0.11039221063957216,68071,4733,611288,15
trace,1,100,0.5,0.01,0.9924051197856079,0.934989835723312,0.9997796903915636,0.9662999503158493,0.0076831796318632,0.026827289651070507,68071,4733,611288,15
trace,1,100,0.5,0.05,0.9924051197856079,0.934989835723312,0.9997796903915636,0.9662999503158493,0.0076831796318632,0.11590529962387847,68071,4733,611288,15
trace,1,100,0.5,0.1,0.9924051197856079,0.934989835723312,0.9997796903915636,0.9662999503158493,0.0076831796318632,0.15536803889616924,68071,4733,611288,15
trace,1,100,1.0,auto,0.9883109046780081,0.9043254158031776,0.9998237523132509,0.9496798314755653,0.01169115987928983,0.0985820525416965,68074,7202,608819,12
trace,1,100,1.0,0.01,0.9883109046780081,0.9043254158031776,0.9998237523132509,0.9496798314755653,0.01169115987928983,0.02393584962337736,68074,7202,608819,12
trace,1,100,1.0,0.05,0.9883109046780081,0.9043254158031776,0.9998237523132509,0.9496798314755653,0.01169115987928983,0.11634986197571717,68074,7202,608819,12
trace,1,100,1.0,0.1,0.9883109046780081,0.9043254158031776,0.9998237523132509,0.9496798314755653,0.01169115987928983,0.15140933762167968,68074,7202,608819,12
trace,1,200,auto,auto,0.8973395213327501,0.5183761106754277,0.9999559380783127,0.6827930299611382,0.1026848110697525,0.09021643161102277,68083,63256,552765,3
trace,1,200,auto,0.01,0.8973395213327501,0.5183761106754277,0.9999559380783127,0.6827930299611382,0.1026848110697525,-0.058605754759695206,68083,63256,552765,3
trace,1,200,auto,0.05,0.8973395213327501,0.5183761106754277,0.9999559380783127,0.6827930299611382,0.1026848110697525,-0.01779704502259316,68083,63256,552765,3
trace,1,200,auto,0.1,0.8973395213327501,0.5183761106754277,0.9999559380783127,0.6827930299611382,0.1026848110697525,0.034050132472480565,68083,63256,552765,3
trace,1,200,0.5,auto,0.9897424686368741,0.9145148722358062,0.9997796903915636,0.9552483861914117,0.0103291933229549,0.10166385623350149,68071,6363,609658,15
trace,1,200,0.5,0.01,0.9897424686368741,0.9145148722358062,0.9997796903915636,0.9552483861914117,0.0103291933229549,0.016251885568175917,68071,6363,609658,15
trace,1,200,0.5,0.05,0.9897424686368741,0.9145148722358062,0.9997796903915636,0.9552483861914117,0.0103291933229549,0.10937580358105709,68071,6363,609658,15
trace,1,200,0.5,0.1,0.9897424686368741,0.9145148722358062,0.9997796903915636,0.9552483861914117,0.0103291933229549,0.14707686023648753,68071,6363,609658,15
trace,1,200,1.0,auto,0.9895810432877579,0.913815091756051,0.9997796903915636,0.9548664931931518,0.010421722636078965,0.09752621535879324,68071,6420,609601,15
trace,1,200,1.0,0.01,0.9895810432877579,0.913815091756051,0.9997796903915636,0.9548664931931518,0.010421722636078965,0.024266205966060994,68071,6420,609601,15
trace,1,200,1.0,0.05,0.9895810432877579,0.913815091756051,0.9997796903915636,0.9548664931931518,0.010421722636078965,0.11520703804285354,68071,6420,609601,15
trace,1,200,1.0,0.1,0.9895810432877579,0.913815091756051,0.9997796903915636,0.9548664931931518,0.010421722636078965,0.1503207754522577,68071,6420,609601,15
trace,2,50,auto,auto,0.9278228430433303,0.6048290381899102,0.9999853126927709,0.7537571614403145,0.07221182394756023,0.09992726693457488,68085,44484,571537,1
trace,2,50,auto,0.01,0.9278228430433303,0.6048290381899102,0.9999853126927709,0.7537571614403145,0.07221182394756023,-0.05908661435964291,68085,44484,571537,1
trace,2,50,auto,0.05,0.9278228430433303,0.6048290381899102,0.9999853126927709,0.7537571614403145,0.07221182394756023,-0.0009658064417665813,68085,44484,571537,1
trace,2,50,auto,0.1,0.9278228430433303,0.6048290381899102,0.9999853126927709,0.7537571614403145,0.07221182394756023,0.032567428305140034,68085,44484,571537,1
trace,2,50,0.5,auto,0.987391538078525,0.8952116676968398,0.9997796903915636,0.9446105810928014,0.01293462398197464,0.09021252018219639,68071,7968,608053,15
trace,2,50,0.5,0.01,0.987391538078525,0.8952116676968398,0.9997796903915636,0.9446105810928014,0.01293462398197464,0.004344714123139859,68071,7968,608053,15
trace,2,50,0.5,0.05,0.987391538078525,0.8952116676968398,0.9997796903915636,0.9446105810928014,0.01293462398197464,0.09723570929021852,68071,7968,608053,15
trace,2,50,0.5,0.1,0.987391538078525,0.8952116676968398,0.9997796903915636,0.9446105810928014,0.01293462398197464,0.13555199329897244,68071,7968,608053,15
trace,2,50,1.0,auto,0.9894591173299659,0.912800364728599,0.9998090650060218,0.9543256087815957,0.010556458302557867,0.0940326024417244,68073,6503,609518,13
trace,2,50,1.0,0.01,0.9894591173299659,0.912800364728599,0.9998090650060218,0.9543256087815957,0.010556458302557867,0.022155194777244036,68073,6503,609518,13
trace,2,50,1.0,0.05,0.9894591173299659,0.912800364728599,0.9998090650060218,0.9543256087815957,0.010556458302557867,0.11247664094916887,68073,6503,609518,13
trace,2,50,1.0,0.1,0.9894591173299659,0.912800364728599,0.9998090650060218,0.9543256087815957,0.010556458302557867,0.1504436753523331,68073,6503,609518,13
trace,2,100,auto,auto,0.9440403017329005,0.6633571720872226,0.9999559380783127,0.7975984067478913,0.05608737364472964,0.10981298469691958,68083,34551,581470,3
trace,2,100,auto,0.01,0.9440403017329005,0.6633571720872226,0.9999559380783127,0.7975984067478913,0.05608737364472964,-0.04829608486568826,68083,34551,581470,3
trace,2,100,auto,0.05,0.9440403017329005,0.6633571720872226,0.9999559380783127,0.7975984067478913,0.05608737364472964,0.008604411261369016,68083,34551,581470,3
trace,2,100,auto,0.1,0.9440403017329005,0.6633571720872226,0.9999559380783127,0.7975984067478913,0.05608737364472964,0.04688433936557279,68083,34551,581470,3
trace,2,100,0.5,auto,0.988376454160618,0.9024154205111888,0.9997796903915636,0.9486057498014187,0.011949267963267486,0.0965644698042778,68071,7361,608660,15
trace,2,100,0.5,0.01,0.988376454160618,0.9024154205111888,0.9997796903915636,0.9486057498014187,0.011949267963267486,0.010280945697165755,68071,7361,608660,15
trace,2,100,0.5,0.05,0.988376454160618,0.9024154205111888,0.9997796903915636,0.9486057498014187,0.011949267963267486,0.10055362023538911,68071,7361,608660,15
trace,2,100,0.5,0.1,0.988376454160618,0.9024154205111888,0.9997796903915636,0.9486057498014187,0.011949267963267486,0.1405099257198154,68071,7361,608660,15
trace,2,100,1.0,auto,0.9915019703292982,0.9285753260217166,0.9997943776987928,0.9628697115860645,0.008499710237151006,0.10314239536463299,68072,5236,610785,14
trace,2,100,1.0,0.01,0.9915019703292982,0.9285753260217166,0.9997943776987928,0.9628697115860645,0.008499710237151006,0.028408344523245144,68072,5236,610785,14
trace,2,100,1.0,0.05,0.9915019703292982,0.9285753260217166,0.9997943776987928,0.9628697115860645,0.008499710237151006,0.12109075710412393,68072,5236,610785,14
trace,2,100,1.0,0.1,0.9915019703292982,0.9285753260217166,0.9997943776987928,0.9628697115860645,0.008499710237151006,0.15605023680186286,68072,5236,610785,14
trace,2,200,auto,auto,0.9384037711510955,0.6420622795601577,0.9999559380783127,0.7820059268107785,0.061613159291647526,0.10667763456352197,68083,37955,578066,3
trace,2,200,auto,0.01,0.9384037711510955,0.6420622795601577,0.9999559380783127,0.7820059268107785,0.061613159291647526,-0.04600235498188732,68083,37955,578066,3
trace,2,200,auto,0.05,0.9384037711510955,0.6420622795601577,0.9999559380783127,0.7820059268107785,0.061613159291647526,0.0018372514641770143,68083,37955,578066,3
trace,2,200,auto,0.1,0.9384037711510955,0.6420622795601577,0.9999559380783127,0.7820059268107785,0.061613159291647526,0.04487726552230109,68083,37955,578066,3
trace,2,200,0.5,auto,0.9873955542882956,0.8948260903856771,0.9998090650060218,0.9444089900110988,0.012988193584309625,0.0885491656905597,68073,8001,608020,13
trace,2,200,0.5,0.01,0.9873955542882956,0.8948260903856771,0.9998090650060218,0.9444089900110988,0.012988193584309625,0.005419287043550325,68073,8001,608020,13
trace,2,200,0.5,0.05,0.9873955542882956,0.8948260903856771,0.9998090650060218,0.9444089900110988,0.012988193584309625,0.09403666798004684,68073,8001,608020,13
trace,2,200,0.5,0.1,0.9873955542882956,0.8948260903856771,0.9998090650060218,0.9444089900110988,0.012988193584309625,0.13510611817196527,68073,8001,608020,13
trace,2,200,1.0,auto,0.990448015169824,0.920438104252586,0.9997796903915636,0.9584697376109714,0.009551622428456173,0.09439378988410918,68071,5884,610137,15
trace,2,200,1.0,0.01,0.990448015169824,0.920438104252586,0.9997796903915636,0.9584697376109714,0.009551622428456173,0.02320505924080174,68071,5884,610137,15
trace,2,200,1.0,0.05,0.990448015169824,0.920438104252586,0.9997796903915636,0.9584697376109714,0.009551622428456173,0.11340352665692616,68071,5884,610137,15
trace,2,200,1.0,0.1,0.990448015169824,0.920438104252586,0.9997796903915636,0.9584697376109714,0.009551622428456173,0.14506511876680012,68071,5884,610137,15
trace,3,50,auto,auto,0.9254054021728902,0.5968894382928732,0.9999559380783127,0.747552827630127,0.07464031258674624,0.10349615690023672,68083,45980,570041,3
trace,3,50,auto,0.01,0.9254054021728902,0.5968894382928732,0.9999559380783127,0.747552827630127,0.07464031258674624,-0.05905856973791079,68083,45980,570041,3
trace,3,50,auto,0.05,0.9254054021728902,0.5968894382928732,0.9999559380783127,0.747552827630127,0.07464031258674624,-0.004672361127616265,68083,45980,570041,3
trace,3,50,auto,0.1,0.9254054021728902,0.5968894382928732,0.9999559380783127,0.747552827630127,0.07464031258674624,0.042208631706151856,68083,45980,570041,3
trace,3,50,0.5,auto,0.9918241788731406,0.9311146675420958,0.9997796903915636,0.964226271840672,0.008175045980575337,0.10227268700920877,68071,5036,610985,15
trace,3,50,0.5,0.01,0.9918241788731406,0.9311146675420958,0.9997796903915636,0.964226271840672,0.008175045980575337,0.020536117991163838,68071,5036,610985,15
trace,3,50,0.5,0.05,0.9918241788731406,0.9311146675420958,0.9997796903915636,0.964226271840672,0.008175045980575337,0.11790682176469086,68071,5036,610985,15
trace,3,50,0.5,0.1,0.9918241788731406,0.9311146675420958,0.9997796903915636,0.964226271840672,0.008175045980575337,0.1529333073485884,68071,5036,610985,15
trace,3,50,1.0,auto,0.989827994047996,0.9156107927797057,0.9997943776987928,0.9558526173893507,0.010184717728778726,0.08111884786742474,68072,6274,609747,14
trace,3,50,1.0,0.01,0.989827994047996,0.9156107927797057,0.9997943776987928,0.9558526173893507,0.010184717728778726,0.013368919834813364,68072,6274,609747,14
trace,3,50,1.0,0.05,0.989827994047996,0.9156107927797057,0.9997943776987928,0.9558526173893507,0.010184717728778726,0.10386930871116479,68072,6274,609747,14
trace,3,50,1.0,0.1,0.989827994047996,0.9156107927797057,0.9997943776987928,0.9558526173893507,0.010184717728778726,0.13184836465058758,68072,6274,609747,14
trace,3,100,auto,auto,0.9497296915143008,0.687278527656911,0.9998678142349382,0.814615380013043,0.05028400005843957,0.11759384627109526,68077,30976,585045,9
trace,3,100,auto,0.01,0.9497296915143008,0.687278527656911,0.9998678142349382,0.814615380013043,0.05028400005843957,-0.04326974885924384,68077,30976,585045,9
trace,3,100,auto,0.05,0.9497296915143008,0.687278527656911,0.9998678142349382,0.814615380013043,0.05028400005843957,0.01438666154104351,68077,30976,585045,9
trace,3,100,auto,0.1,0.9497296915143008,0.687278527656911,0.9998678142349382,0.814615380013043,0.05028400005843957,0.05277495713443414,68077,30976,585045,9
trace,3,100,0.5,auto,0.9910267320086306,0.9249028506209408,0.9997796903915636,0.9608847858614946,0.008972096730468605,0.10023129713787027,68071,5527,610494,15
trace,3,100,0.5,0.01,0.9910267320086306,0.9249028506209408,0.9997796903915636,0.9608847858614946,0.008972096730468605,0.017842877781079847,68071,5527,610494,15
trace,3,100,0.5,0.05,0.9910267320086306,0.9249028506209408,0.9997796903915636,0.9608847858614946,0.008972096730468605,0.11273445619014111,68071,5527,610494,15
trace,3,100,0.5,0.1,0.9910267320086306,0.9249028506209408,0.9997796903915636,0.9608847858614946,0.008972096730468605,0.14752872809408935,68071,5527,610494,15
trace,3,100,1.0,auto,0.9925678633471376,0.9369468569776884,0.9997943776987928,0.967350911971806,0.007436434796865691,0.09345826069773067,68072,4581,611440,14
trace,3,100,1.0,0.01,0.9925678633471376,0.9369468569776884,0.9997943776987928,0.967350911971806,0.007436434796865691,0.027819255819300448,68072,4581,611440,14
trace,3,100,1.0,0.05,0.9925678633471376,0.9369468569776884,0.9997943776987928,0.967350911971806,0.007436434796865691,0.1161081812165653,68072,4581,611440,14
trace,3,100,1.0,0.1,0.9925678633471376,0.9369468569776884,0.9997943776987928,0.967350911971806,0.007436434796865691,0.14681132336798786,68072,4581,611440,14
trace,3,200,auto,auto,0.9408104476652394,0.651146330498991,0.9998825015421673,0.7886837699913691,0.05920739715042182,0.11059433732399415,68078,36473,579548,8
trace,3,200,auto,0.01,0.9408104476652394,0.651146330498991,0.9998825015421673,0.7886837699913691,0.05920739715042182,-0.04162855131106691,68078,36473,579548,8
trace,3,200,auto,0.05,0.9408104476652394,0.651146330498991,0.9998825015421673,0.7886837699913691,0.05920739715042182,0.006323263081883357,68078,36473,579548,8
trace,3,200,auto,0.1,0.9408104476652394,0.651146330498991,0.9998825015421673,0.7886837699913691,0.05920739715042182,0.053257465758699496,68078,36473,579548,8
trace,3,200,0.5,auto,0.9888083022664176,0.9079075474466184,0.9998237523132509,0.9516513472896935,0.011209033458274962,0.09154822519028638,68074,6905,609116,12
trace,3,200,0.5,0.01,0.9888083022664176,0.9079075474466184,0.9998237523132509,0.9516513472896935,0.011209033458274962,0.009221754786530645,68074,6905,609116,12
trace,3,200,0.5,0.05,0.9888083022664176,0.9079075474466184,0.9998237523132509,0.9516513472896935,0.011209033458274962,0.10222328153075899,68074,6905,609116,12
trace,3,200,0.5,0.1,0.9888083022664176,0.9079075474466184,0.9998237523132509,0.9516513472896935,0.011209033458274962,0.13780127304504364,68074,6905,609116,12
trace,3,200,1.0,auto,0.9915080377208824,0.9286386641747268,0.9997943776987928,0.9629037619616801,0.008491593630736614,0.0946343421308724,68072,5231,610790,14
trace,3,200,1.0,0.01,0.9915080377208824,0.9286386641747268,0.9997943776987928,0.9629037619616801,0.008491593630736614,0.025417538444066357,68072,5231,610790,14
trace,3,200,1.0,0.05,0.9915080377208824,0.9286386641747268,0.9997943776987928,0.9629037619616801,0.008491593630736614,0.11691903001936965,68072,5231,610790,14
trace,3,200,1.0,0.1,0.9915080377208824,0.9286386641747268,0.9997943776987928,0.9629037619616801,0.008491593630736614,0.1464127497206384,68072,5231,610790,14
trace,4,50,auto,auto,0.9546046428093157,0.708821355321652,0.9999559380783127,0.8295874787525055,0.04540104963954151,0.11030314764827376,68083,27968,588053,3
trace,4,50,auto,0.01,0.9546046428093157,0.708821355321652,0.9999559380783127,0.8295874787525055,0.04540104963954151,-0.057289705529356194,68083,27968,588053,3
trace,4,50,auto,0.05,0.9546046428093157,0.708821355321652,0.9999559380783127,0.8295874787525055,0.04540104963954151,0.008915185883447085,68083,27968,588053,3
trace,4,50,auto,0.1,0.9546046428093157,0.708821355321652,0.9999559380783127,0.8295874787525055,0.04540104963954151,0.05009666673217228,68083,27968,588053,3
trace,4,50,0.5,auto,0.9841953889563205,0.8748746947693099,0.9998237523132509,0.9331852826671053,0.01580465601010355,0.07977761831089636,68074,9736,606285,12
trace,4,50,0.5,0.01,0.9841953889563205,0.8748746947693099,0.9998237523132509,0.9331852826671053,0.01580465601010355,-0.012873001391874639,68074,9736,606285,12
trace,4,50,0.5,0.05,0.9841953889563205,0.8748746947693099,0.9998237523132509,0.9331852826671053,0.01580465601010355,0.0889242302071569,68074,9736,606285,12
trace,4,50,0.5,0.1,0.9841953889563205,0.8748746947693099,0.9998237523132509,0.9331852826671053,0.01580465601010355,0.11994854653806303,68074,9736,606285,12
trace,4,50,1.0,auto,0.9952045283374941,0.958380851812742,0.9997503157771054,0.9786285771793748,0.004798537712188383,0.13518462033311607,68069,2956,613065,17
trace,4,50,1.0,0.01,0.9952045283374941,0.958380851812742,0.9997503157771054,0.9786285771793748,0.004798537712188383,0.05792281563526691,68069,2956,613065,17
trace,4,50,1.0,0.05,0.9952045283374941,0.958380851812742,0.9997503157771054,0.9786285771793748,0.004798537712188383,0.15422679341849888,68069,2956,613065,17
trace,4,50,1.0,0.1,0.9952045283374941,0.958380851812742,0.9997503157771054,0.9786285771793748,0.004798537712188383,0.1822630919249214,68069,2956,613065,17
trace,4,100,auto,auto,0.9360384880898696,0.6309541461244764,0.9999853126927709,0.7737195586213166,0.06464552344806428,0.10493855346896963,68085,39823,576198,1
trace,4,100,auto,0.01,0.9360384880898696,0.6309541461244764,0.9999853126927709,0.7737195586213166,0.06464552344806428,-0.05690763316626246,68085,39823,576198,1
trace,4,100,auto,0.05,0.9360384880898696,0.6309541461244764,0.9999853126927709,0.7737195586213166,0.06464552344806428,-0.001109332586610834,68085,39823,576198,1
trace,4,100,auto,0.1,0.9360384880898696,0.6309541461244764,0.9999853126927709,0.7737195586213166,0.06464552344806428,0.04994681861881023,68085,39823,576198,1
trace,4,100,0.5,auto,0.9862033292349383,0.8887771888137452,0.99983843962048,0.941042300248825,0.013829074008840607,0.0878557594984769,68075,8519,607502,11
trace,4,100,0.5,0.01,0.9862033292349383,0.8887771888137452,0.99983843962048,0.941042300248825,0.013829074008840607,-0.003076798707908779,68075,8519,607502,11
trace,4,100,0.5,0.05,0.9862033292349383,0.8887771888137452,0.99983843962048,0.941042300248825,0.013829074008840607,0.09690067822621778,68075,8519,607502,11
trace,4,100,0.5,0.1,0.9862033292349383,0.8887771888137452,0.99983843962048,0.941042300248825,0.013829074008840607,0.1250616332829746,68075,8519,607502,11
trace,4,100,1.0,auto,0.9929023201154233,0.9396231623990614,0.9997796903915636,0.9687684567817777,0.007100407291309874,0.11630105072310137,68071,4374,611647,15
trace,4,100,1.0,0.01,0.9929023201154233,0.9396231623990614,0.9997796903915636,0.9687684567817777,0.007100407291309874,0.044020100867385614,68071,4374,611647,15
trace,4,100,1.0,0.05,0.9929023201154233,0.9396231623990614,0.9997796903915636,0.9687684567817777,0.007100407291309874,0.13774298900619752,68071,4374,611647,15
trace,4,100,1.0,0.1,0.9929023201154233,0.9396231623990614,0.9997796903915636,0.9687684567817777,0.007100407291309874,0.16892382485117075,68071,4374,611647,15
trace,4,200,auto,auto,0.8973596497918545,0.515772249325778,0.9999706253855418,0.6805337598080864,0.10376269640158371,0.09309236523400444,68084,63920,552101,2
trace,4,200,auto,0.01,0.8973596497918545,0.515772249325778,0.9999706253855418,0.6805337598080864,0.10376269640158371,-0.06263084708145727,68084,63920,552101,2
trace,4,200,auto,0.05,0.8973596497918545,0.515772249325778,0.9999706253855418,0.6805337598080864,0.10376269640158371,-0.013016610899970749,68084,63920,552101,2
trace,4,200,auto,0.1,0.8973596497918545,0.515772249325778,0.9999706253855418,0.6805337598080864,0.10376269640158371,0.03488058954365225,68084,63920,552101,2
trace,4,200,0.5,auto,0.9871955098502437,0.8951216305062459,0.9998237523132509,0.9445801187767109,0.012947610552237667,0.09154728841151905,68074,7976,608045,12
trace,4,200,0.5,0.01,0.9871955098502437,0.8951216305062459,0.9998237523132509,0.9445801187767109,0.012947610552237667,0.003455666335734797,68074,7976,608045,12
trace,4,200,0.5,0.05,0.9871955098502437,0.8951216305062459,0.9998237523132509,0.9445801187767109,0.012947610552237667,0.09845530382246276,68074,7976,608045,12
trace,4,200,0.5,0.1,0.9871955098502437,0.8951216305062459,0.9998237523132509,0.9445801187767109,0.012947610552237667,0.13292814310766382,68074,7976,608045,12
trace,4,200,1.0,auto,0.993845406837319,0.9472461106008739,0.9997796903915636,0.9728041844113527,0.0061540109833918,0.1170743028406076,68071,3791,612230,15
trace,4,200,1.0,0.01,0.993845406837319,0.9472461106008739,0.9997796903915636,0.9728041844113527,0.0061540109833918,0.043985660367746204,68071,3791,612230,15
trace,4,200,1.0,0.05,0.993845406837319,0.9472461106008739,0.9997796903915636,0.9728041844113527,0.0061540109833918,0.1368876681042973,68071,3791,612230,15
trace,4,200,1.0,0.1,0.993845406837319,0.9472461106008739,0.9997796903915636,0.9728041844113527,0.0061540109833918,0.1684428326573995,68071,3791,612230,15
