dataset,n_estimators,max_samples,contamination,auc_mean,auc_std,precision_mean,precision_std,recall_mean,recall_std,f1_mean,f1_std,fpr_mean,fpr_std
trace,50,0.5,0.01,0.9888068413797846,0.003157362302348296,0.9074195762487001,0.02360133913793359,0.9997885027759011,1.970509042244954e-05,0.9512382667850344,0.013008022183651246,0.011340522482188106,0.003191629639117694
trace,50,0.5,0.05,0.9888068413797846,0.003157362302348296,0.9074195762487001,0.02360133913793359,0.9997885027759011,1.970509042244954e-05,0.9512382667850344,0.013008022183651246,0.011340522482188106,0.003191629639117694
trace,50,0.5,0.1,0.9888068413797846,0.003157362302348296,0.9074195762487001,0.02360133913793359,0.9997885027759011,1.970509042244954e-05,0.9512382667850344,0.013008022183651246,0.011340522482188106,0.003191629639117694
trace,50,0.5,auto,0.9888068413797846,0.003157362302348296,0.9074195762487001,0.02360133913793359,0.9997885027759011,1.970509042244954e-05,0.9512382667850344,0.013008022183651246,0.011340522482188106,0.003191629639117694
trace,50,1.0,0.01,0.9898342938487567,0.004001858077108928,0.9160346416296268,0.030173067598659682,0.9998031900831302,3.686484856806025e-05,0.9558798811611622,0.01643282572533884,0.01023406669577823,0.003987063226191221
trace,50,1.0,0.05,0.9898342938487567,0.004001858077108928,0.9160346416296268,0.030173067598659682,0.9998031900831302,3.686484856806025e-05,0.9558798811611622,0.01643282572533884,0.01023406669577823,0.003987063226191221
trace,50,1.0,0.1,0.9898342938487567,0.004001858077108928,0.9160346416296268,0.030173067598659682,0.9998031900831302,3.686484856806025e-05,0.9558798811611622,0.01643282572533884,0.01023406669577823,0.003987063226191221
trace,50,1.0,auto,0.9898342938487567,0.004001858077108928,0.9160346416296268,0.030173067598659682,0.9998031900831302,3.686484856806025e-05,0.9558798811611622,0.01643282572533884,0.01023406669577823,0.003987063226191221
trace,50,auto,0.01,0.9329592248354587,0.022188874621653108,0.6300985299761684,0.07766230185825061,0.999935375848192,5.0452557169793034e-05,0.7708247025019144,0.05872863780283269,0.06706037618847409,0.022195598220194384
trace,50,auto,0.05,0.9329592248354587,0.022188874621653108,0.6300985299761684,0.07766230185825061,0.999935375848192,5.0452557169793034e-05,0.7708247025019144,0.05872863780283269,0.06706037618847409,0.022195598220194384
trace,50,auto,0.1,0.9329592248354587,0.022188874621653108,0.6300985299761684,0.07766230185825061,0.999935375848192,5.0452557169793034e-05,0.7708247025019144,0.05872863780283269,0.06706037618847409,0.022195598220194384
trace,50,auto,auto,0.9329592248354587,0.022188874621653108,0.6300985299761684,0.07766230185825061,0.999935375848192,5.0452557169793034e-05,0.7708247025019144,0.05872863780283269,0.06706037618847409,0.022195598220194384
trace,100,0.5,0.01,0.9896367472383327,0.0024113920099222627,0.91329712691039,0.01822998105806956,0.9997914402373468,2.6273453896570422e-05,0.9545128000850098,0.009967086524394375,0.01052918650500551,0.0024254164919479126
trace,100,0.5,0.05,0.9896367472383327,0.0024113920099222627,0.91329712691039,0.01822998105806956,0.9997914402373468,2.6273453896570422e-05,0.9545128000850098,0.009967086524394375,0.01052918650500551,0.0024254164919479126
trace,100,0.5,0.1,0.9896367472383327,0.0024113920099222627,0.91329712691039,0.01822998105806956,0.9997914402373468,2.6273453896570422e-05,0.9545128000850098,0.009967086524394375,0.01052918650500551,0.0024254164919479126
trace,100,0.5,auto,0.9896367472383327,0.0024113920099222627,0.91329712691039,0.01822998105806956,0.9997914402373468,2.6273453896570422e-05,0.9545128000850098,0.009967086524394375,0.01052918650500551,0.0024254164919479126
trace,100,1.0,0.01,0.9916110359065368,0.001925734523823823,0.9282775154647309,0.014061627441602215,0.9997914402373469,2.178479713040722e-05,0.9626636550327279,0.007612557930647754,0.00856009778887408,0.00183289341913583
trace,100,1.0,0.05,0.9916110359065368,0.001925734523823823,0.9282775154647309,0.014061627441602215,0.9997914402373469,2.178479713040722e-05,0.9626636550327279,0.007612557930647754,0.00856009778887408,0.00183289341913583
trace,100,1.0,0.1,0.9916110359065368,0.001925734523823823,0.9282775154647309,0.014061627441602215,0.9997914402373469,2.178479713040722e-05,0.9626636550327279,0.007612557930647754,0.00856009778887408,0.00183289341913583
trace,100,1.0,auto,0.9916110359065368,0.001925734523823823,0.9282775154647309,0.014061627441602215,0.9997914402373469,2.178479713040722e-05,0.9626636550327279,0.007612557930647754,0.00856009778887408,0.00183289341913583
trace,100,auto,0.01,0.925719340804854,0.024972590251262045,0.6058669247460563,0.0783564875271132,0.9999265634638546,6.144141428001749e-05,0.7521375417513255,0.061707546085223844,0.07446564321670852,0.024901669471948804
trace,100,auto,0.05,0.925719340804854,0.024972590251262045,0.6058669247460563,0.0783564875271132,0.9999265634638546,6.144141428001749e-05,0.7521375417513255,0.061707546085223844,0.07446564321670852,0.024901669471948804
trace,100,auto,0.1,0.925719340804854,0.024972590251262045,0.6058669247460563,0.0783564875271132,0.9999265634638546,6.144141428001749e-05,0.7521375417513255,0.061707546085223844,0.07446564321670852,0.024901669471948804
trace,100,auto,auto,0.925719340804854,0.024972590251262045,0.6058669247460563,0.0783564875271132,0.9999265634638546,6.144141428001749e-05,0.7521375417513255,0.061707546085223844,0.07446564321670852,0.024901669471948804
trace,200,0.5,0.01,0.9885511329650216,0.0012028941524052056,0.9051585684581193,0.009629296845239301,0.9998031900831302,2.2274404265433043e-05,0.9501082146388065,0.005303105486323293,0.011589539966981645,0.0013018270547555972
trace,200,0.5,0.05,0.9885511329650216,0.0012028941524052056,0.9051585684581193,0.009629296845239301,0.9998031900831302,2.2274404265433043e-05,0.9501082146388065,0.005303105486323293,0.011589539966981645,0.0013018270547555972
trace,200,0.5,0.1,0.9885511329650216,0.0012028941524052056,0.9051585684581193,0.009629296845239301,0.9998031900831302,2.2274404265433043e-05,0.9501082146388065,0.005303105486323293,0.011589539966981645,0.0013018270547555972
trace,200,0.5,auto,0.9885511329650216,0.0012028941524052056,0.9051585684581193,0.009629296845239301,0.9998031900831302,2.2274404265433043e-05,0.9501082146388065,0.005303105486323293,0.011589539966981645,0.0013018270547555972
trace,200,1.0,0.01,0.9919350487126419,0.0020702130106138514,0.9320849715493174,0.01614376754394724,0.9997796903915634,1.0385494539104637e-05,0.9646884850127911,0.008638194989683297,0.008079919353398666,0.002050317308680852
trace,200,1.0,0.05,0.9919350487126419,0.0020702130106138514,0.9320849715493174,0.01614376754394724,0.9997796903915634,1.0385494539104637e-05,0.9646884850127911,0.008638194989683297,0.008079919353398666,0.002050317308680852
trace,200,1.0,0.1,0.9919350487126419,0.0020702130106138514,0.9320849715493174,0.01614376754394724,0.9997796903915634,1.0385494539104637e-05,0.9646884850127911,0.008638194989683297,0.008079919353398666,0.002050317308680852
trace,200,1.0,auto,0.9919350487126419,0.0020702130106138514,0.9320849715493174,0.01614376754394724,0.9997796903915634,1.0385494539104637e-05,0.9646884850127911,0.008638194989683297,0.008079919353398666,0.002050317308680852
trace,200,auto,0.01,0.9126159350407196,0.024879470269055615,0.5653122832724626,0.07464166223340551,0.9999441882325295,3.506546540054749e-05,0.7199931696176554,0.060053328886517904,0.08762818150679928,0.0250592365494088
trace,200,auto,0.05,0.9126159350407196,0.024879470269055615,0.5653122832724626,0.07464166223340551,0.9999441882325295,3.506546540054749e-05,0.7199931696176554,0.060053328886517904,0.08762818150679928,0.0250592365494088
trace,200,auto,0.1,0.9126159350407196,0.024879470269055615,0.5653122832724626,0.07464166223340551,0.9999441882325295,3.506546540054749e-05,0.7199931696176554,0.060053328886517904,0.08762818150679928,0.0250592365494088
trace,200,auto,auto,0.9126159350407196,0.024879470269055615,0.5653122832724626,0.07464166223340551,0.9999441882325295,3.506546540054749e-05,0.7199931696176554,0.060053328886517904,0.08762818150679928,0.0250592365494088
wget,50,0.5,0.01,0.88064,0.02546464215338593,0.8679319070623418,0.08776274503298635,0.8240000000000001,0.06066300355241238,0.841329111140432,0.03257716973733514,0.136,0.09633275663033837
wget,50,0.5,0.05,0.88064,0.02546464215338593,0.8679319070623418,0.08776274503298635,0.8240000000000001,0.06066300355241238,0.841329111140432,0.03257716973733514,0.136,0.09633275663033837
wget,50,0.5,0.1,0.88064,0.02546464215338593,0.8679319070623418,0.08776274503298635,0.8240000000000001,0.06066300355241238,0.841329111140432,0.03257716973733514,0.136,0.09633275663033837
wget,50,0.5,auto,0.88064,0.02546464215338593,0.8679319070623418,0.08776274503298635,0.8240000000000001,0.06066300355241238,0.841329111140432,0.03257716973733514,0.136,0.09633275663033837
wget,50,1.0,0.01,0.89664,0.017030795636141034,0.9271974402409185,0.040803166360007866,0.8,0.028284271247461877,0.8584207009970193,0.02427396634581967,0.064,0.03577708763999663
wget,50,1.0,0.05,0.89664,0.017030795636141034,0.9271974402409185,0.040803166360007866,0.8,0.028284271247461877,0.8584207009970193,0.02427396634581967,0.064,0.03577708763999663
wget,50,1.0,0.1,0.89664,0.017030795636141034,0.9271974402409185,0.040803166360007866,0.8,0.028284271247461877,0.8584207009970193,0.02427396634581967,0.064,0.03577708763999663
wget,50,1.0,auto,0.89664,0.017030795636141034,0.9271974402409185,0.040803166360007866,0.8,0.028284271247461877,0.8584207009970193,0.02427396634581967,0.064,0.03577708763999663
wget,50,auto,0.01,0.89664,0.017030795636141034,0.9271974402409185,0.040803166360007866,0.8,0.028284271247461877,0.8584207009970193,0.02427396634581967,0.064,0.03577708763999663
wget,50,auto,0.05,0.89664,0.017030795636141034,0.9271974402409185,0.040803166360007866,0.8,0.028284271247461877,0.8584207009970193,0.02427396634581967,0.064,0.03577708763999663
wget,50,auto,0.1,0.89664,0.017030795636141034,0.9271974402409185,0.040803166360007866,0.8,0.028284271247461877,0.8584207009970193,0.02427396634581967,0.064,0.03577708763999663
wget,50,auto,auto,0.89664,0.017030795636141034,0.9271974402409185,0.040803166360007866,0.8,0.028284271247461877,0.8584207009970193,0.02427396634581967,0.064,0.03577708763999663
wget,100,0.5,0.01,0.88384,0.01237287355467594,0.927142857142857,0.08197187173111299,0.784,0.05366563145999495,0.845431675242996,0.011902557292812461,0.072,0.09549869109050658
wget,100,0.5,0.05,0.88384,0.01237287355467594,0.927142857142857,0.08197187173111299,0.784,0.05366563145999495,0.845431675242996,0.011902557292812461,0.072,0.09549869109050658
wget,100,0.5,0.1,0.88384,0.01237287355467594,0.927142857142857,0.08197187173111299,0.784,0.05366563145999495,0.845431675242996,0.011902557292812461,0.072,0.09549869109050658
wget,100,0.5,auto,0.88384,0.01237287355467594,0.927142857142857,0.08197187173111299,0.784,0.05366563145999495,0.845431675242996,0.011902557292812461,0.072,0.09549869109050658
wget,100,1.0,0.01,0.90464,0.007639895287240472,0.9219580419580419,0.04622359108328082,0.808,0.052153619241621166,0.8592629675983868,0.020607822266716664,0.072,0.052153619241621194
wget,100,1.0,0.05,0.90464,0.007639895287240472,0.9219580419580419,0.04622359108328082,0.808,0.052153619241621166,0.8592629675983868,0.020607822266716664,0.072,0.052153619241621194
wget,100,1.0,0.1,0.90464,0.007639895287240472,0.9219580419580419,0.04622359108328082,0.808,0.052153619241621166,0.8592629675983868,0.020607822266716664,0.072,0.052153619241621194
wget,100,1.0,auto,0.90464,0.007639895287240472,0.9219580419580419,0.04622359108328082,0.808,0.052153619241621166,0.8592629675983868,0.020607822266716664,0.072,0.052153619241621194
wget,100,auto,0.01,0.90464,0.007639895287240472,0.9219580419580419,0.04622359108328082,0.808,0.052153619241621166,0.8592629675983868,0.020607822266716664,0.072,0.052153619241621194
wget,100,auto,0.05,0.90464,0.007639895287240472,0.9219580419580419,0.04622359108328082,0.808,0.052153619241621166,0.8592629675983868,0.020607822266716664,0.072,0.052153619241621194
wget,100,auto,0.1,0.90464,0.007639895287240472,0.9219580419580419,0.04622359108328082,0.808,0.052153619241621166,0.8592629675983868,0.020607822266716664,0.072,0.052153619241621194
wget,100,auto,auto,0.90464,0.007639895287240472,0.9219580419580419,0.04622359108328082,0.808,0.052153619241621166,0.8592629675983868,0.020607822266716664,0.072,0.052153619241621194
wget,200,0.5,0.01,0.88704,0.004879344218232554,0.9800000000000001,0.027386127875258348,0.752,0.01788854381999834,0.8506741836974395,0.012195886091392856,0.016,0.021908902300206645
wget,200,0.5,0.05,0.88704,0.004879344218232554,0.9800000000000001,0.027386127875258348,0.752,0.01788854381999834,0.8506741836974395,0.012195886091392856,0.016,0.021908902300206645
wget,200,0.5,0.1,0.88704,0.004879344218232554,0.9800000000000001,0.027386127875258348,0.752,0.01788854381999834,0.8506741836974395,0.012195886091392856,0.016,0.021908902300206645
wget,200,0.5,auto,0.88704,0.004879344218232554,0.9800000000000001,0.027386127875258348,0.752,0.01788854381999834,0.8506741836974395,0.012195886091392856,0.016,0.021908902300206645
wget,200,1.0,0.01,0.9068799999999999,0.006635661233064899,0.9204545454545455,0.03409090909090908,0.8240000000000001,0.021908902300206583,0.8693009118541033,0.022335772730545687,0.072,0.03346640106136302
wget,200,1.0,0.05,0.9068799999999999,0.006635661233064899,0.9204545454545455,0.03409090909090908,0.8240000000000001,0.021908902300206583,0.8693009118541033,0.022335772730545687,0.072,0.03346640106136302
wget,200,1.0,0.1,0.9068799999999999,0.006635661233064899,0.9204545454545455,0.03409090909090908,0.8240000000000001,0.021908902300206583,0.8693009118541033,0.022335772730545687,0.072,0.03346640106136302
wget,200,1.0,auto,0.9068799999999999,0.006635661233064899,0.9204545454545455,0.03409090909090908,0.8240000000000001,0.021908902300206583,0.8693009118541033,0.022335772730545687,0.072,0.03346640106136302
wget,200,auto,0.01,0.9068799999999999,0.006635661233064899,0.9204545454545455,0.03409090909090908,0.8240000000000001,0.021908902300206583,0.8693009118541033,0.022335772730545687,0.072,0.03346640106136302
wget,200,auto,0.05,0.9068799999999999,0.006635661233064899,0.9204545454545455,0.03409090909090908,0.8240000000000001,0.021908902300206583,0.8693009118541033,0.022335772730545687,0.072,0.03346640106136302
wget,200,auto,0.1,0.9068799999999999,0.006635661233064899,0.9204545454545455,0.03409090909090908,0.8240000000000001,0.021908902300206583,0.8693009118541033,0.022335772730545687,0.072,0.03346640106136302
wget,200,auto,auto,0.9068799999999999,0.006635661233064899,0.9204545454545455,0.03409090909090908,0.8240000000000001,0.021908902300206583,0.8693009118541033,0.022335772730545687,0.072,0.03346640106136302
