variant,seed,n_estimators,max_samples,contamination,auc,precision,recall,f1,fpr,threshold,tp,fp,tn,fn
gaussian_edge0,0,100,auto,auto,0.9264,0.8846153846153846,0.92,0.9019607843137255,0.12,-0.01370371768593559,23,3,22,2
gaussian_edge0,0,100,auto,0.01,0.9264,0.8846153846153846,0.92,0.9019607843137255,0.12,-0.16807995793001507,23,3,22,2
gaussian_edge0,0,100,auto,0.05,0.9264,0.8846153846153846,0.92,0.9019607843137255,0.12,-0.03657529221107403,23,3,22,2
gaussian_edge0,0,100,auto,0.1,0.9264,0.8846153846153846,0.92,0.9019607843137255,0.12,-0.01726425012268562,23,3,22,2
gaussian_edge0,0,100,0.5,auto,0.896,0.9090909090909091,0.8,0.851063829787234,0.08,0.01324768923157782,20,2,23,5
gaussian_edge0,0,100,0.5,0.01,0.896,0.9090909090909091,0.8,0.851063829787234,0.08,-0.1490115088980124,20,2,23,5
gaussian_edge0,0,100,0.5,0.05,0.896,0.9090909090909091,0.8,0.851063829787234,0.08,-0.02716040204332426,20,2,23,5
gaussian_edge0,0,100,0.5,0.1,0.896,0.9090909090909091,0.8,0.851063829787234,0.08,-0.011869760213969793,20,2,23,5
gaussian_edge0,0,100,1.0,auto,0.9264,0.8846153846153846,0.92,0.9019607843137255,0.12,-0.01370371768593559,23,3,22,2
gaussian_edge0,0,100,1.0,0.01,0.9264,0.8846153846153846,0.92,0.9019607843137255,0.12,-0.16807995793001507,23,3,22,2
gaussian_edge0,0,100,1.0,0.05,0.9264,0.8846153846153846,0.92,0.9019607843137255,0.12,-0.03657529221107403,23,3,22,2
gaussian_edge0,0,100,1.0,0.1,0.9264,0.8846153846153846,0.92,0.9019607843137255,0.12,-0.01726425012268562,23,3,22,2
gaussian_edge0,0,200,auto,auto,0.9216,0.8518518518518519,0.92,0.8846153846153846,0.16,-0.01362552674893952,23,4,21,2
gaussian_edge0,0,200,auto,0.01,0.9216,0.8518518518518519,0.92,0.8846153846153846,0.16,-0.15580948064493721,23,4,21,2
gaussian_edge0,0,200,auto,0.05,0.9216,0.8518518518518519,0.92,0.8846153846153846,0.16,-0.0357761949160042,23,4,21,2
gaussian_edge0,0,200,auto,0.1,0.9216,0.8518518518518519,0.92,0.8846153846153846,0.16,-0.016194692415981427,23,4,21,2
gaussian_edge0,0,200,0.5,auto,0.8992,0.84,0.84,0.84,0.16,0.01046832139255749,21,4,21,4
gaussian_edge0,0,200,0.5,0.01,0.8992,0.84,0.84,0.84,0.16,-0.13907142960860874,21,4,21,4
gaussian_edge0,0,200,0.5,0.05,0.8992,0.84,0.84,0.84,0.16,-0.02652436508095246,21,4,21,4
gaussian_edge0,0,200,0.5,0.1,0.8992,0.84,0.84,0.84,0.16,-0.013376865587052755,21,4,21,4
gaussian_edge0,0,200,1.0,auto,0.9216,0.8518518518518519,0.92,0.8846153846153846,0.16,-0.01362552674893952,23,4,21,2
gaussian_edge0,0,200,1.0,0.01,0.9216,0.8518518518518519,0.92,0.8846153846153846,0.16,-0.15580948064493721,23,4,21,2
gaussian_edge0,0,200,1.0,0.05,0.9216,0.8518518518518519,0.92,0.8846153846153846,0.16,-0.0357761949160042,23,4,21,2
gaussian_edge0,0,200,1.0,0.1,0.9216,0.8518518518518519,0.92,0.8846153846153846,0.16,-0.016194692415981427,23,4,21,2
gaussian_edge0,0,500,auto,auto,0.9152,0.8461538461538461,0.88,0.8627450980392157,0.16,-0.007662218406497223,22,4,21,3
gaussian_edge0,0,500,auto,0.01,0.9152,0.8461538461538461,0.88,0.8627450980392157,0.16,-0.14871895047289946,22,4,21,3
gaussian_edge0,0,500,auto,0.05,0.9152,0.8461538461538461,0.88,0.8627450980392157,0.16,-0.03335393393658165,22,4,21,3
gaussian_edge0,0,500,auto,0.1,0.9152,0.8461538461538461,0.88,0.8627450980392157,0.16,-0.012859759057051778,22,4,21,3
gaussian_edge0,0,500,0.5,auto,0.8959999999999999,0.84,0.84,0.84,0.16,0.007675216424890108,21,4,21,4
gaussian_edge0,0,500,0.5,0.01,0.8959999999999999,0.84,0.84,0.84,0.16,-0.14804456383948839,21,4,21,4
gaussian_edge0,0,500,0.5,0.05,0.8959999999999999,0.84,0.84,0.84,0.16,-0.03379499177613021,21,4,21,4
gaussian_edge0,0,500,0.5,0.1,0.8959999999999999,0.84,0.84,0.84,0.16,-0.016959348333011826,21,4,21,4
gaussian_edge0,0,500,1.0,auto,0.9152,0.8461538461538461,0.88,0.8627450980392157,0.16,-0.007662218406497223,22,4,21,3
gaussian_edge0,0,500,1.0,0.01,0.9152,0.8461538461538461,0.88,0.8627450980392157,0.16,-0.14871895047289946,22,4,21,3
gaussian_edge0,0,500,1.0,0.05,0.9152,0.8461538461538461,0.88,0.8627450980392157,0.16,-0.03335393393658165,22,4,21,3
gaussian_edge0,0,500,1.0,0.1,0.9152,0.8461538461538461,0.88,0.8627450980392157,0.16,-0.012859759057051778,22,4,21,3
gaussian_edge0,1,100,auto,auto,0.8944,0.95,0.76,0.8444444444444444,0.04,0.016507145526669875,19,1,24,6
gaussian_edge0,1,100,auto,0.01,0.8944,0.95,0.76,0.8444444444444444,0.04,-0.1280575695311399,19,1,24,6
gaussian_edge0,1,100,auto,0.05,0.8944,0.95,0.76,0.8444444444444444,0.04,-0.0191529652662068,19,1,24,6
gaussian_edge0,1,100,auto,0.1,0.8944,0.95,0.76,0.8444444444444444,0.04,0.004592980063566343,19,1,24,6
gaussian_edge0,1,100,0.5,auto,0.8672,0.9473684210526315,0.72,0.8181818181818182,0.04,0.04461220419730594,18,1,24,7
gaussian_edge0,1,100,0.5,0.01,0.8672,0.9473684210526315,0.72,0.8181818181818182,0.04,-0.0976846912954974,18,1,24,7
gaussian_edge0,1,100,0.5,0.05,0.8672,0.9473684210526315,0.72,0.8181818181818182,0.04,-0.013141931606392654,18,1,24,7
gaussian_edge0,1,100,0.5,0.1,0.8672,0.9473684210526315,0.72,0.8181818181818182,0.04,0.008176657151390598,18,1,24,7
gaussian_edge0,1,100,1.0,auto,0.8944,0.95,0.76,0.8444444444444444,0.04,0.016507145526669875,19,1,24,6
gaussian_edge0,1,100,1.0,0.01,0.8944,0.95,0.76,0.8444444444444444,0.04,-0.1280575695311399,19,1,24,6
gaussian_edge0,1,100,1.0,0.05,0.8944,0.95,0.76,0.8444444444444444,0.04,-0.0191529652662068,19,1,24,6
gaussian_edge0,1,100,1.0,0.1,0.8944,0.95,0.76,0.8444444444444444,0.04,0.004592980063566343,19,1,24,6
gaussian_edge0,1,200,auto,auto,0.8832,0.7419354838709677,0.92,0.8214285714285714,0.32,-0.01674383174683247,23,8,17,2
gaussian_edge0,1,200,auto,0.01,0.8832,0.7419354838709677,0.92,0.8214285714285714,0.32,-0.1609776990716426,23,8,17,2
gaussian_edge0,1,200,auto,0.05,0.8832,0.7419354838709677,0.92,0.8214285714285714,0.32,-0.0489742273560938,23,8,17,2
gaussian_edge0,1,200,auto,0.1,0.8832,0.7419354838709677,0.92,0.8214285714285714,0.32,-0.043503645648137246,23,8,17,2
gaussian_edge0,1,200,0.5,auto,0.8672,0.9473684210526315,0.72,0.8181818181818182,0.04,0.04312519819736471,18,1,24,7
gaussian_edge0,1,200,0.5,0.01,0.8672,0.9473684210526315,0.72,0.8181818181818182,0.04,-0.10396028624017539,18,1,24,7
gaussian_edge0,1,200,0.5,0.05,0.8672,0.9473684210526315,0.72,0.8181818181818182,0.04,-0.013907174257555943,18,1,24,7
gaussian_edge0,1,200,0.5,0.1,0.8672,0.9473684210526315,0.72,0.8181818181818182,0.04,0.005707909072038442,18,1,24,7
gaussian_edge0,1,200,1.0,auto,0.8832,0.7419354838709677,0.92,0.8214285714285714,0.32,-0.01674383174683247,23,8,17,2
gaussian_edge0,1,200,1.0,0.01,0.8832,0.7419354838709677,0.92,0.8214285714285714,0.32,-0.1609776990716426,23,8,17,2
gaussian_edge0,1,200,1.0,0.05,0.8832,0.7419354838709677,0.92,0.8214285714285714,0.32,-0.0489742273560938,23,8,17,2
gaussian_edge0,1,200,1.0,0.1,0.8832,0.7419354838709677,0.92,0.8214285714285714,0.32,-0.043503645648137246,23,8,17,2
gaussian_edge0,1,500,auto,auto,0.8784000000000001,0.9473684210526315,0.72,0.8181818181818182,0.04,0.02412149431789712,18,1,24,7
gaussian_edge0,1,500,auto,0.01,0.8784000000000001,0.9473684210526315,0.72,0.8181818181818182,0.04,-0.11857692917178009,18,1,24,7
gaussian_edge0,1,500,auto,0.05,0.8784000000000001,0.9473684210526315,0.72,0.8181818181818182,0.04,-0.008034049498112705,18,1,24,7
gaussian_edge0,1,500,auto,0.1,0.8784000000000001,0.9473684210526315,0.72,0.8181818181818182,0.04,0.0028925211849576415,18,1,24,7
gaussian_edge0,1,500,0.5,auto,0.8592,0.9,0.72,0.8,0.08,0.040110889568885866,18,2,23,7
gaussian_edge0,1,500,0.5,0.01,0.8592,0.9,0.72,0.8,0.08,-0.09951757720585153,18,2,23,7
gaussian_edge0,1,500,0.5,0.05,0.8592,0.9,0.72,0.8,0.08,-0.011842475607560021,18,2,23,7
gaussian_edge0,1,500,0.5,0.1,0.8592,0.9,0.72,0.8,0.08,0.0008712145911742297,18,2,23,7
gaussian_edge0,1,500,1.0,auto,0.8784000000000001,0.9473684210526315,0.72,0.8181818181818182,0.04,0.02412149431789712,18,1,24,7
gaussian_edge0,1,500,1.0,0.01,0.8784000000000001,0.9473684210526315,0.72,0.8181818181818182,0.04,-0.11857692917178009,18,1,24,7
gaussian_edge0,1,500,1.0,0.05,0.8784000000000001,0.9473684210526315,0.72,0.8181818181818182,0.04,-0.008034049498112705,18,1,24,7
gaussian_edge0,1,500,1.0,0.1,0.8784000000000001,0.9473684210526315,0.72,0.8181818181818182,0.04,0.0028925211849576415,18,1,24,7
gaussian_edge0,2,100,auto,auto,0.8512,0.95,0.76,0.8444444444444444,0.04,0.037930014524436784,19,1,24,6
gaussian_edge0,2,100,auto,0.01,0.8512,0.95,0.76,0.8444444444444444,0.04,-0.12555889972904488,19,1,24,6
gaussian_edge0,2,100,auto,0.05,0.8512,0.95,0.76,0.8444444444444444,0.04,0.015309760176064224,19,1,24,6
gaussian_edge0,2,100,auto,0.1,0.8512,0.95,0.76,0.8444444444444444,0.04,0.031411015727536906,19,1,24,6
gaussian_edge0,2,100,0.5,auto,0.8544,0.8148148148148148,0.88,0.8461538461538461,0.2,0.03716058944392209,22,5,20,3
gaussian_edge0,2,100,0.5,0.01,0.8544,0.8148148148148148,0.88,0.8461538461538461,0.2,-0.09364070888244957,22,5,20,3
gaussian_edge0,2,100,0.5,0.05,0.8544,0.8148148148148148,0.88,0.8461538461538461,0.2,-0.010792001458543865,22,5,20,3
gaussian_edge0,2,100,0.5,0.1,0.8544,0.8148148148148148,0.88,0.8461538461538461,0.2,-0.0002767482713323943,22,5,20,3
gaussian_edge0,2,100,1.0,auto,0.8512,0.95,0.76,0.8444444444444444,0.04,0.037930014524436784,19,1,24,6
gaussian_edge0,2,100,1.0,0.01,0.8512,0.95,0.76,0.8444444444444444,0.04,-0.12555889972904488,19,1,24,6
gaussian_edge0,2,100,1.0,0.05,0.8512,0.95,0.76,0.8444444444444444,0.04,0.015309760176064224,19,1,24,6
gaussian_edge0,2,100,1.0,0.1,0.8512,0.95,0.76,0.8444444444444444,0.04,0.031411015727536906,19,1,24,6
gaussian_edge0,2,200,auto,auto,0.8576,0.9473684210526315,0.72,0.8181818181818182,0.04,0.04049555378101066,18,1,24,7
gaussian_edge0,2,200,auto,0.01,0.8576,0.9473684210526315,0.72,0.8181818181818182,0.04,-0.11568223100188058,18,1,24,7
gaussian_edge0,2,200,auto,0.05,0.8576,0.9473684210526315,0.72,0.8181818181818182,0.04,0.016107629595915385,18,1,24,7
gaussian_edge0,2,200,auto,0.1,0.8576,0.9473684210526315,0.72,0.8181818181818182,0.04,0.03517256375838129,18,1,24,7
gaussian_edge0,2,200,0.5,auto,0.8480000000000001,0.8333333333333334,0.8,0.8163265306122449,0.16,0.03222592884938946,20,4,21,5
gaussian_edge0,2,200,0.5,0.01,0.8480000000000001,0.8333333333333334,0.8,0.8163265306122449,0.16,-0.09989753159849202,20,4,21,5
gaussian_edge0,2,200,0.5,0.05,0.8480000000000001,0.8333333333333334,0.8,0.8163265306122449,0.16,-0.01197722557203551,20,4,21,5
gaussian_edge0,2,200,0.5,0.1,0.8480000000000001,0.8333333333333334,0.8,0.8163265306122449,0.16,-0.0017683271372288534,20,4,21,5
gaussian_edge0,2,200,1.0,auto,0.8576,0.9473684210526315,0.72,0.8181818181818182,0.04,0.04049555378101066,18,1,24,7
gaussian_edge0,2,200,1.0,0.01,0.8576,0.9473684210526315,0.72,0.8181818181818182,0.04,-0.11568223100188058,18,1,24,7
gaussian_edge0,2,200,1.0,0.05,0.8576,0.9473684210526315,0.72,0.8181818181818182,0.04,0.016107629595915385,18,1,24,7
gaussian_edge0,2,200,1.0,0.1,0.8576,0.9473684210526315,0.72,0.8181818181818182,0.04,0.03517256375838129,18,1,24,7
gaussian_edge0,2,500,auto,auto,0.8464,0.8,0.8,0.8,0.2,0.016551899402999615,20,5,20,5
gaussian_edge0,2,500,auto,0.01,0.8464,0.8,0.8,0.8,0.2,-0.14932218068537328,20,5,20,5
gaussian_edge0,2,500,auto,0.05,0.8464,0.8,0.8,0.8,0.2,-0.012376254630142025,20,5,20,5
gaussian_edge0,2,500,auto,0.1,0.8464,0.8,0.8,0.8,0.2,0.012997213970229793,20,5,20,5
gaussian_edge0,2,500,0.5,auto,0.8208,0.9444444444444444,0.68,0.7906976744186046,0.04,0.05056036172144218,17,1,24,8
gaussian_edge0,2,500,0.5,0.01,0.8208,0.9444444444444444,0.68,0.7906976744186046,0.04,-0.09279083572140112,17,1,24,8
gaussian_edge0,2,500,0.5,0.05,0.8208,0.9444444444444444,0.68,0.7906976744186046,0.04,0.0054828671301012655,17,1,24,8
gaussian_edge0,2,500,0.5,0.1,0.8208,0.9444444444444444,0.68,0.7906976744186046,0.04,0.024614372594556566,17,1,24,8
gaussian_edge0,2,500,1.0,auto,0.8464,0.8,0.8,0.8,0.2,0.016551899402999615,20,5,20,5
gaussian_edge0,2,500,1.0,0.01,0.8464,0.8,0.8,0.8,0.2,-0.14932218068537328,20,5,20,5
gaussian_edge0,2,500,1.0,0.05,0.8464,0.8,0.8,0.8,0.2,-0.012376254630142025,20,5,20,5
gaussian_edge0,2,500,1.0,0.1,0.8464,0.8,0.8,0.8,0.2,0.012997213970229793,20,5,20,5
gaussian_edge0,3,100,auto,auto,0.9168,0.875,0.84,0.8571428571428571,0.12,0.004248011146825714,21,3,22,4
gaussian_edge0,3,100,auto,0.01,0.9168,0.875,0.84,0.8571428571428571,0.12,-0.14113108515289896,21,3,22,4
gaussian_edge0,3,100,auto,0.05,0.9168,0.875,0.84,0.8571428571428571,0.12,-0.024701041309875493,21,3,22,4
gaussian_edge0,3,100,auto,0.1,0.9168,0.875,0.84,0.8571428571428571,0.12,-0.012606106594341804,21,3,22,4
gaussian_edge0,3,100,0.5,auto,0.9072,0.8148148148148148,0.88,0.8461538461538461,0.2,-0.003424988060952816,22,5,20,3
gaussian_edge0,3,100,0.5,0.01,0.9072,0.8148148148148148,0.88,0.8461538461538461,0.2,-0.1714164745956096,22,5,20,3
gaussian_edge0,3,100,0.5,0.05,0.9072,0.8148148148148148,0.88,0.8461538461538461,0.2,-0.042387382524950334,22,5,20,3
gaussian_edge0,3,100,0.5,0.1,0.9072,0.8148148148148148,0.88,0.8461538461538461,0.2,-0.031740864318252515,22,5,20,3
gaussian_edge0,3,100,1.0,auto,0.9168,0.875,0.84,0.8571428571428571,0.12,0.004248011146825714,21,3,22,4
gaussian_edge0,3,100,1.0,0.01,0.9168,0.875,0.84,0.8571428571428571,0.12,-0.14113108515289896,21,3,22,4
gaussian_edge0,3,100,1.0,0.05,0.9168,0.875,0.84,0.8571428571428571,0.12,-0.024701041309875493,21,3,22,4
gaussian_edge0,3,100,1.0,0.1,0.9168,0.875,0.84,0.8571428571428571,0.12,-0.012606106594341804,21,3,22,4
gaussian_edge0,3,200,auto,auto,0.9136000000000001,0.9090909090909091,0.8,0.851063829787234,0.08,0.016831446320177745,20,2,23,5
gaussian_edge0,3,200,auto,0.01,0.9136000000000001,0.9090909090909091,0.8,0.851063829787234,0.08,-0.11680387537603643,20,2,23,5
gaussian_edge0,3,200,auto,0.05,0.9136000000000001,0.9090909090909091,0.8,0.851063829787234,0.08,-0.008165735016140596,20,2,23,5
gaussian_edge0,3,200,auto,0.1,0.9136000000000001,0.9090909090909091,0.8,0.851063829787234,0.08,0.002237583956943623,20,2,23,5
gaussian_edge0,3,200,0.5,auto,0.9072,0.7931034482758621,0.92,0.8518518518518519,0.24,-0.001330023236018496,23,6,19,2
gaussian_edge0,3,200,0.5,0.01,0.9072,0.7931034482758621,0.92,0.8518518518518519,0.24,-0.15580953548079635,23,6,19,2
gaussian_edge0,3,200,0.5,0.05,0.9072,0.7931034482758621,0.92,0.8518518518518519,0.24,-0.040828912079593604,23,6,19,2
gaussian_edge0,3,200,0.5,0.1,0.9072,0.7931034482758621,0.92,0.8518518518518519,0.24,-0.03608151743332455,23,6,19,2
gaussian_edge0,3,200,1.0,auto,0.9136000000000001,0.9090909090909091,0.8,0.851063829787234,0.08,0.016831446320177745,20,2,23,5
gaussian_edge0,3,200,1.0,0.01,0.9136000000000001,0.9090909090909091,0.8,0.851063829787234,0.08,-0.11680387537603643,20,2,23,5
gaussian_edge0,3,200,1.0,0.05,0.9136000000000001,0.9090909090909091,0.8,0.851063829787234,0.08,-0.008165735016140596,20,2,23,5
gaussian_edge0,3,200,1.0,0.1,0.9136000000000001,0.9090909090909091,0.8,0.851063829787234,0.08,0.002237583956943623,20,2,23,5
gaussian_edge0,3,500,auto,auto,0.9232,0.8214285714285714,0.92,0.8679245283018868,0.2,-0.012288989579807619,23,5,20,2
gaussian_edge0,3,500,auto,0.01,0.9232,0.8214285714285714,0.92,0.8679245283018868,0.2,-0.15190804244378797,23,5,20,2
gaussian_edge0,3,500,auto,0.05,0.9232,0.8214285714285714,0.92,0.8679245283018868,0.2,-0.038892009764934454,23,5,20,2
gaussian_edge0,3,500,auto,0.1,0.9232,0.8214285714285714,0.92,0.8679245283018868,0.2,-0.021411422036405225,23,5,20,2
gaussian_edge0,3,500,0.5,auto,0.9072,0.8695652173913043,0.8,0.8333333333333334,0.12,0.017430104998159,20,3,22,5
gaussian_edge0,3,500,0.5,0.01,0.9072,0.8695652173913043,0.8,0.8333333333333334,0.12,-0.1305231591867313,20,3,22,5
gaussian_edge0,3,500,0.5,0.05,0.9072,0.8695652173913043,0.8,0.8333333333333334,0.12,-0.01437711832035693,20,3,22,5
gaussian_edge0,3,500,0.5,0.1,0.9072,0.8695652173913043,0.8,0.8333333333333334,0.12,-0.008561430722250685,20,3,22,5
gaussian_edge0,3,500,1.0,auto,0.9232,0.8214285714285714,0.92,0.8679245283018868,0.2,-0.012288989579807619,23,5,20,2
gaussian_edge0,3,500,1.0,0.01,0.9232,0.8214285714285714,0.92,0.8679245283018868,0.2,-0.15190804244378797,23,5,20,2
gaussian_edge0,3,500,1.0,0.05,0.9232,0.8214285714285714,0.92,0.8679245283018868,0.2,-0.038892009764934454,23,5,20,2
gaussian_edge0,3,500,1.0,0.1,0.9232,0.8214285714285714,0.92,0.8679245283018868,0.2,-0.021411422036405225,23,5,20,2
gaussian_edge0,4,100,auto,auto,0.8575999999999999,0.6857142857142857,0.96,0.8,0.44,-0.04203191739114437,24,11,14,1
gaussian_edge0,4,100,auto,0.01,0.8575999999999999,0.6857142857142857,0.96,0.8,0.44,-0.21763179508022984,24,11,14,1
gaussian_edge0,4,100,auto,0.05,0.8575999999999999,0.6857142857142857,0.96,0.8,0.44,-0.06772581996805666,24,11,14,1
gaussian_edge0,4,100,auto,0.1,0.8575999999999999,0.6857142857142857,0.96,0.8,0.44,-0.053120054245835935,24,11,14,1
gaussian_edge0,4,100,0.5,auto,0.8192,0.696969696969697,0.92,0.7931034482758621,0.4,-0.017168645314118047,23,10,15,2
gaussian_edge0,4,100,0.5,0.01,0.8192,0.696969696969697,0.92,0.7931034482758621,0.4,-0.17857590257880135,23,10,15,2
gaussian_edge0,4,100,0.5,0.05,0.8192,0.696969696969697,0.92,0.7931034482758621,0.4,-0.07284497034385001,23,10,15,2
gaussian_edge0,4,100,0.5,0.1,0.8192,0.696969696969697,0.92,0.7931034482758621,0.4,-0.052390200857812375,23,10,15,2
gaussian_edge0,4,100,1.0,auto,0.8575999999999999,0.6857142857142857,0.96,0.8,0.44,-0.04203191739114437,24,11,14,1
gaussian_edge0,4,100,1.0,0.01,0.8575999999999999,0.6857142857142857,0.96,0.8,0.44,-0.21763179508022984,24,11,14,1
gaussian_edge0,4,100,1.0,0.05,0.8575999999999999,0.6857142857142857,0.96,0.8,0.44,-0.06772581996805666,24,11,14,1
gaussian_edge0,4,100,1.0,0.1,0.8575999999999999,0.6857142857142857,0.96,0.8,0.44,-0.053120054245835935,24,11,14,1
gaussian_edge0,4,200,auto,auto,0.848,0.696969696969697,0.92,0.7931034482758621,0.4,-0.016234988855414634,23,10,15,2
gaussian_edge0,4,200,auto,0.01,0.848,0.696969696969697,0.92,0.7931034482758621,0.4,-0.1891273979903173,23,10,15,2
gaussian_edge0,4,200,auto,0.05,0.848,0.696969696969697,0.92,0.7931034482758621,0.4,-0.047917154254245364,23,10,15,2
gaussian_edge0,4,200,auto,0.1,0.848,0.696969696969697,0.92,0.7931034482758621,0.4,-0.025686190888576932,23,10,15,2
gaussian_edge0,4,200,0.5,auto,0.8272,0.696969696969697,0.92,0.7931034482758621,0.4,-0.008629571347100518,23,10,15,2
gaussian_edge0,4,200,0.5,0.01,0.8272,0.696969696969697,0.92,0.7931034482758621,0.4,-0.16246703423486653,23,10,15,2
gaussian_edge0,4,200,0.5,0.05,0.8272,0.696969696969697,0.92,0.7931034482758621,0.4,-0.05677998191745748,23,10,15,2
gaussian_edge0,4,200,0.5,0.1,0.8272,0.696969696969697,0.92,0.7931034482758621,0.4,-0.04265303581543711,23,10,15,2
gaussian_edge0,4,200,1.0,auto,0.848,0.696969696969697,0.92,0.7931034482758621,0.4,-0.016234988855414634,23,10,15,2
gaussian_edge0,4,200,1.0,0.01,0.848,0.696969696969697,0.92,0.7931034482758621,0.4,-0.1891273979903173,23,10,15,2
gaussian_edge0,4,200,1.0,0.05,0.848,0.696969696969697,0.92,0.7931034482758621,0.4,-0.047917154254245364,23,10,15,2
gaussian_edge0,4,200,1.0,0.1,0.848,0.696969696969697,0.92,0.7931034482758621,0.4,-0.025686190888576932,23,10,15,2
gaussian_edge0,4,500,auto,auto,0.8576,0.9,0.72,0.8,0.08,0.03796854740854139,18,2,23,7
gaussian_edge0,4,500,auto,0.01,0.8576,0.9,0.72,0.8,0.08,-0.1262271734689725,18,2,23,7
gaussian_edge0,4,500,auto,0.05,0.8576,0.9,0.72,0.8,0.08,0.010336413506777387,18,2,23,7
gaussian_edge0,4,500,auto,0.1,0.8576,0.9,0.72,0.8,0.08,0.025950918433119474,18,2,23,7
gaussian_edge0,4,500,0.5,auto,0.832,0.696969696969697,0.92,0.7931034482758621,0.4,-0.005939307091341217,23,10,15,2
gaussian_edge0,4,500,0.5,0.01,0.832,0.696969696969697,0.92,0.7931034482758621,0.4,-0.14693789255751327,23,10,15,2
gaussian_edge0,4,500,0.5,0.05,0.832,0.696969696969697,0.92,0.7931034482758621,0.4,-0.05753270631424995,23,10,15,2
gaussian_edge0,4,500,0.5,0.1,0.832,0.696969696969697,0.92,0.7931034482758621,0.4,-0.04207893054086981,23,10,15,2
gaussian_edge0,4,500,1.0,auto,0.8576,0.9,0.72,0.8,0.08,0.03796854740854139,18,2,23,7
gaussian_edge0,4,500,1.0,0.01,0.8576,0.9,0.72,0.8,0.08,-0.1262271734689725,18,2,23,7
gaussian_edge0,4,500,1.0,0.05,0.8576,0.9,0.72,0.8,0.08,0.010336413506777387,18,2,23,7
gaussian_edge0,4,500,1.0,0.1,0.8576,0.9,0.72,0.8,0.08,0.025950918433119474,18,2,23,7
gaussian_edge1,0,100,auto,auto,0.8944,1.0,0.72,0.8372093023255814,0.0,0.028190026705705917,18,0,25,7
gaussian_edge1,0,100,auto,0.01,0.8944,1.0,0.72,0.8372093023255814,0.0,-0.11483782623135219,18,0,25,7
gaussian_edge1,0,100,auto,0.05,0.8944,1.0,0.72,0.8372093023255814,0.0,-0.016191858601749987,18,0,25,7
gaussian_edge1,0,100,auto,0.1,0.8944,1.0,0.72,0.8372093023255814,0.0,0.01796178388315761,18,0,25,7
gaussian_edge1,0,100,0.5,auto,0.8896,1.0,0.76,0.8636363636363636,0.0,0.035052130787984526,19,0,25,6
gaussian_edge1,0,100,0.5,0.01,0.8896,1.0,0.76,0.8636363636363636,0.0,-0.1113111004458166,19,0,25,6
gaussian_edge1,0,100,0.5,0.05,0.8896,1.0,0.76,0.8636363636363636,0.0,-0.015571427942189242,19,0,25,6
gaussian_edge1,0,100,0.5,0.1,0.8896,1.0,0.76,0.8636363636363636,0.0,0.00576036713187611,19,0,25,6
gaussian_edge1,0,100,1.0,auto,0.8944,1.0,0.72,0.8372093023255814,0.0,0.028190026705705917,18,0,25,7
gaussian_edge1,0,100,1.0,0.01,0.8944,1.0,0.72,0.8372093023255814,0.0,-0.11483782623135219,18,0,25,7
gaussian_edge1,0,100,1.0,0.05,0.8944,1.0,0.72,0.8372093023255814,0.0,-0.016191858601749987,18,0,25,7
gaussian_edge1,0,100,1.0,0.1,0.8944,1.0,0.72,0.8372093023255814,0.0,0.01796178388315761,18,0,25,7
gaussian_edge1,0,200,auto,auto,0.9007999999999999,1.0,0.72,0.8372093023255814,0.0,0.034987954620465334,18,0,25,7
gaussian_edge1,0,200,auto,0.01,0.9007999999999999,1.0,0.72,0.8372093023255814,0.0,-0.11359243945562303,18,0,25,7
gaussian_edge1,0,200,auto,0.05,0.9007999999999999,1.0,0.72,0.8372093023255814,0.0,0.002056329925321787,18,0,25,7
gaussian_edge1,0,200,auto,0.1,0.9007999999999999,1.0,0.72,0.8372093023255814,0.0,0.023246790133521045,18,0,25,7
gaussian_edge1,0,200,0.5,auto,0.8944,1.0,0.76,0.8636363636363636,0.0,0.028098832096374537,19,0,25,6
gaussian_edge1,0,200,0.5,0.01,0.8944,1.0,0.76,0.8636363636363636,0.0,-0.11908509389380795,19,0,25,6
gaussian_edge1,0,200,0.5,0.05,0.8944,1.0,0.76,0.8636363636363636,0.0,-0.0186191223097526,19,0,25,6
gaussian_edge1,0,200,0.5,0.1,0.8944,1.0,0.76,0.8636363636363636,0.0,0.0029144051914795632,19,0,25,6
gaussian_edge1,0,200,1.0,auto,0.9007999999999999,1.0,0.72,0.8372093023255814,0.0,0.034987954620465334,18,0,25,7
gaussian_edge1,0,200,1.0,0.01,0.9007999999999999,1.0,0.72,0.8372093023255814,0.0,-0.11359243945562303,18,0,25,7
gaussian_edge1,0,200,1.0,0.05,0.9007999999999999,1.0,0.72,0.8372093023255814,0.0,0.002056329925321787,18,0,25,7
gaussian_edge1,0,200,1.0,0.1,0.9007999999999999,1.0,0.72,0.8372093023255814,0.0,0.023246790133521045,18,0,25,7
gaussian_edge1,0,500,auto,auto,0.8976000000000001,0.95,0.76,0.8444444444444444,0.04,0.012640904626119998,19,1,24,6
gaussian_edge1,0,500,auto,0.01,0.8976000000000001,0.95,0.76,0.8444444444444444,0.04,-0.1263908149617099,19,1,24,6
gaussian_edge1,0,500,auto,0.05,0.8976000000000001,0.95,0.76,0.8444444444444444,0.04,-0.021332221663850515,19,1,24,6
gaussian_edge1,0,500,auto,0.1,0.8976000000000001,0.95,0.76,0.8444444444444444,0.04,0.0022626666312107746,19,1,24,6
gaussian_edge1,0,500,0.5,auto,0.8896,1.0,0.76,0.8636363636363636,0.0,0.02640734185892446,19,0,25,6
gaussian_edge1,0,500,0.5,0.01,0.8896,1.0,0.76,0.8636363636363636,0.0,-0.11768391107555587,19,0,25,6
gaussian_edge1,0,500,0.5,0.05,0.8896,1.0,0.76,0.8636363636363636,0.0,-0.013226153301637344,19,0,25,6
gaussian_edge1,0,500,0.5,0.1,0.8896,1.0,0.76,0.8636363636363636,0.0,0.0015944284991307178,19,0,25,6
gaussian_edge1,0,500,1.0,auto,0.8976000000000001,0.95,0.76,0.8444444444444444,0.04,0.012640904626119998,19,1,24,6
gaussian_edge1,0,500,1.0,0.01,0.8976000000000001,0.95,0.76,0.8444444444444444,0.04,-0.1263908149617099,19,1,24,6
gaussian_edge1,0,500,1.0,0.05,0.8976000000000001,0.95,0.76,0.8444444444444444,0.04,-0.021332221663850515,19,1,24,6
gaussian_edge1,0,500,1.0,0.1,0.8976000000000001,0.95,0.76,0.8444444444444444,0.04,0.0022626666312107746,19,1,24,6
gaussian_edge1,1,100,auto,auto,0.8704,1.0,0.68,0.8095238095238095,0.0,0.03935928707098402,17,0,25,8
gaussian_edge1,1,100,auto,0.01,0.8704,1.0,0.68,0.8095238095238095,0.0,-0.0970513787733489,17,0,25,8
gaussian_edge1,1,100,auto,0.05,0.8704,1.0,0.68,0.8095238095238095,0.0,0.0011515382874797142,17,0,25,8
gaussian_edge1,1,100,auto,0.1,0.8704,1.0,0.68,0.8095238095238095,0.0,0.02042425365612277,17,0,25,8
gaussian_edge1,1,100,0.5,auto,0.8688,1.0,0.68,0.8095238095238095,0.0,0.048696528183350796,17,0,25,8
gaussian_edge1,1,100,0.5,0.01,0.8688,1.0,0.68,0.8095238095238095,0.0,-0.09211983455742234,17,0,25,8
gaussian_edge1,1,100,0.5,0.05,0.8688,1.0,0.68,0.8095238095238095,0.0,-0.0019822784815001215,17,0,25,8
gaussian_edge1,1,100,0.5,0.1,0.8688,1.0,0.68,0.8095238095238095,0.0,0.019027009603371225,17,0,25,8
gaussian_edge1,1,100,1.0,auto,0.8704,1.0,0.68,0.8095238095238095,0.0,0.03935928707098402,17,0,25,8
gaussian_edge1,1,100,1.0,0.01,0.8704,1.0,0.68,0.8095238095238095,0.0,-0.0970513787733489,17,0,25,8
gaussian_edge1,1,100,1.0,0.05,0.8704,1.0,0.68,0.8095238095238095,0.0,0.0011515382874797142,17,0,25,8
gaussian_edge1,1,100,1.0,0.1,0.8704,1.0,0.68,0.8095238095238095,0.0,0.02042425365612277,17,0,25,8
gaussian_edge1,1,200,auto,auto,0.872,0.8636363636363636,0.76,0.8085106382978723,0.12,0.01723472487465616,19,3,22,6
gaussian_edge1,1,200,auto,0.01,0.872,0.8636363636363636,0.76,0.8085106382978723,0.12,-0.11875796715675979,19,3,22,6
gaussian_edge1,1,200,auto,0.05,0.872,0.8636363636363636,0.76,0.8085106382978723,0.12,-0.018530497023268144,19,3,22,6
gaussian_edge1,1,200,auto,0.1,0.872,0.8636363636363636,0.76,0.8085106382978723,0.12,-0.00826837465617114,19,3,22,6
gaussian_edge1,1,200,0.5,auto,0.8464,0.9444444444444444,0.68,0.7906976744186046,0.04,0.0468426626083982,17,1,24,8
gaussian_edge1,1,200,0.5,0.01,0.8464,0.9444444444444444,0.68,0.7906976744186046,0.04,-0.09376850380637858,17,1,24,8
gaussian_edge1,1,200,0.5,0.05,0.8464,0.9444444444444444,0.68,0.7906976744186046,0.04,-0.007617233199853524,17,1,24,8
gaussian_edge1,1,200,0.5,0.1,0.8464,0.9444444444444444,0.68,0.7906976744186046,0.04,0.003597198815193603,17,1,24,8
gaussian_edge1,1,200,1.0,auto,0.872,0.8636363636363636,0.76,0.8085106382978723,0.12,0.01723472487465616,19,3,22,6
gaussian_edge1,1,200,1.0,0.01,0.872,0.8636363636363636,0.76,0.8085106382978723,0.12,-0.11875796715675979,19,3,22,6
gaussian_edge1,1,200,1.0,0.05,0.872,0.8636363636363636,0.76,0.8085106382978723,0.12,-0.018530497023268144,19,3,22,6
gaussian_edge1,1,200,1.0,0.1,0.872,0.8636363636363636,0.76,0.8085106382978723,0.12,-0.00826837465617114,19,3,22,6
gaussian_edge1,1,500,auto,auto,0.88,1.0,0.68,0.8095238095238095,0.0,0.0349283736166871,17,0,25,8
gaussian_edge1,1,500,auto,0.01,0.88,1.0,0.68,0.8095238095238095,0.0,-0.10117724255478999,17,0,25,8
gaussian_edge1,1,500,auto,0.05,0.88,1.0,0.68,0.8095238095238095,0.0,0.005813532511735109,17,0,25,8
gaussian_edge1,1,500,auto,0.1,0.88,1.0,0.68,0.8095238095238095,0.0,0.016517658444104577,17,0,25,8
gaussian_edge1,1,500,0.5,auto,0.8592,1.0,0.68,0.8095238095238095,0.0,0.04385996178240292,17,0,25,8
gaussian_edge1,1,500,0.5,0.01,0.8592,1.0,0.68,0.8095238095238095,0.0,-0.09607889226801891,17,0,25,8
gaussian_edge1,1,500,0.5,0.05,0.8592,1.0,0.68,0.8095238095238095,0.0,-0.0042648614506054505,17,0,25,8
gaussian_edge1,1,500,0.5,0.1,0.8592,1.0,0.68,0.8095238095238095,0.0,0.0077590148047431695,17,0,25,8
gaussian_edge1,1,500,1.0,auto,0.88,1.0,0.68,0.8095238095238095,0.0,0.0349283736166871,17,0,25,8
gaussian_edge1,1,500,1.0,0.01,0.88,1.0,0.68,0.8095238095238095,0.0,-0.10117724255478999,17,0,25,8
gaussian_edge1,1,500,1.0,0.05,0.88,1.0,0.68,0.8095238095238095,0.0,0.005813532511735109,17,0,25,8
gaussian_edge1,1,500,1.0,0.1,0.88,1.0,0.68,0.8095238095238095,0.0,0.016517658444104577,17,0,25,8
gaussian_edge1,2,100,auto,auto,0.8256,0.9444444444444444,0.68,0.7906976744186046,0.04,0.04759302527600273,17,1,24,8
gaussian_edge1,2,100,auto,0.01,0.8256,0.9444444444444444,0.68,0.7906976744186046,0.04,-0.10536792020341967,17,1,24,8
gaussian_edge1,2,100,auto,0.05,0.8256,0.9444444444444444,0.68,0.7906976744186046,0.04,0.018756586566518574,17,1,24,8
gaussian_edge1,2,100,auto,0.1,0.8256,0.9444444444444444,0.68,0.7906976744186046,0.04,0.03543300890094492,17,1,24,8
gaussian_edge1,2,100,0.5,auto,0.7936,0.6875,0.88,0.7719298245614035,0.4,-0.003520396943491655,22,10,15,3
gaussian_edge1,2,100,0.5,0.01,0.7936,0.6875,0.88,0.7719298245614035,0.4,-0.14596864917282498,22,10,15,3
gaussian_edge1,2,100,0.5,0.05,0.7936,0.6875,0.88,0.7719298245614035,0.4,-0.054785262990075634,22,10,15,3
gaussian_edge1,2,100,0.5,0.1,0.7936,0.6875,0.88,0.7719298245614035,0.4,-0.03739478688290804,22,10,15,3
gaussian_edge1,2,100,1.0,auto,0.8256,0.9444444444444444,0.68,0.7906976744186046,0.04,0.04759302527600273,17,1,24,8
gaussian_edge1,2,100,1.0,0.01,0.8256,0.9444444444444444,0.68,0.7906976744186046,0.04,-0.10536792020341967,17,1,24,8
gaussian_edge1,2,100,1.0,0.05,0.8256,0.9444444444444444,0.68,0.7906976744186046,0.04,0.018756586566518574,17,1,24,8
gaussian_edge1,2,100,1.0,0.1,0.8256,0.9444444444444444,0.68,0.7906976744186046,0.04,0.03543300890094492,17,1,24,8
gaussian_edge1,2,200,auto,auto,0.8352,0.9473684210526315,0.72,0.8181818181818182,0.04,0.03652027883150455,18,1,24,7
gaussian_edge1,2,200,auto,0.01,0.8352,0.9473684210526315,0.72,0.8181818181818182,0.04,-0.12699802581518116,18,1,24,7
gaussian_edge1,2,200,auto,0.05,0.8352,0.9473684210526315,0.72,0.8181818181818182,0.04,0.006408880916859427,18,1,24,7
gaussian_edge1,2,200,auto,0.1,0.8352,0.9473684210526315,0.72,0.8181818181818182,0.04,0.027220122706753558,18,1,24,7
gaussian_edge1,2,200,0.5,auto,0.8192,0.9444444444444444,0.68,0.7906976744186046,0.04,0.05290838589831992,17,1,24,8
gaussian_edge1,2,200,0.5,0.01,0.8192,0.9444444444444444,0.68,0.7906976744186046,0.04,-0.10099493430271644,17,1,24,8
gaussian_edge1,2,200,0.5,0.05,0.8192,0.9444444444444444,0.68,0.7906976744186046,0.04,0.0004363657073005456,17,1,24,8
gaussian_edge1,2,200,0.5,0.1,0.8192,0.9444444444444444,0.68,0.7906976744186046,0.04,0.019006042389445588,17,1,24,8
gaussian_edge1,2,200,1.0,auto,0.8352,0.9473684210526315,0.72,0.8181818181818182,0.04,0.03652027883150455,18,1,24,7
gaussian_edge1,2,200,1.0,0.01,0.8352,0.9473684210526315,0.72,0.8181818181818182,0.04,-0.12699802581518116,18,1,24,7
gaussian_edge1,2,200,1.0,0.05,0.8352,0.9473684210526315,0.72,0.8181818181818182,0.04,0.006408880916859427,18,1,24,7
gaussian_edge1,2,200,1.0,0.1,0.8352,0.9473684210526315,0.72,0.8181818181818182,0.04,0.027220122706753558,18,1,24,7
gaussian_edge1,2,500,auto,auto,0.8304,0.9473684210526315,0.72,0.8181818181818182,0.04,0.032405720022252504,18,1,24,7
gaussian_edge1,2,500,auto,0.01,0.8304,0.9473684210526315,0.72,0.8181818181818182,0.04,-0.1288617657515314,18,1,24,7
gaussian_edge1,2,500,auto,0.05,0.8304,0.9473684210526315,0.72,0.8181818181818182,0.04,0.007929582687590586,18,1,24,7
gaussian_edge1,2,500,auto,0.1,0.8304,0.9473684210526315,0.72,0.8181818181818182,0.04,0.028718647922484464,18,1,24,7
gaussian_edge1,2,500,0.5,auto,0.7999999999999999,0.8181818181818182,0.72,0.7659574468085106,0.16,0.032456275187629946,18,4,21,7
gaussian_edge1,2,500,0.5,0.01,0.7999999999999999,0.8181818181818182,0.72,0.7659574468085106,0.16,-0.11157319854595948,18,4,21,7
gaussian_edge1,2,500,0.5,0.05,0.7999999999999999,0.8181818181818182,0.72,0.7659574468085106,0.16,-0.0147814205857566,18,4,21,7
gaussian_edge1,2,500,0.5,0.1,0.7999999999999999,0.8181818181818182,0.72,0.7659574468085106,0.16,-0.001977540299422098,18,4,21,7
gaussian_edge1,2,500,1.0,auto,0.8304,0.9473684210526315,0.72,0.8181818181818182,0.04,0.032405720022252504,18,1,24,7
gaussian_edge1,2,500,1.0,0.01,0.8304,0.9473684210526315,0.72,0.8181818181818182,0.04,-0.1288617657515314,18,1,24,7
gaussian_edge1,2,500,1.0,0.05,0.8304,0.9473684210526315,0.72,0.8181818181818182,0.04,0.007929582687590586,18,1,24,7
gaussian_edge1,2,500,1.0,0.1,0.8304,0.9473684210526315,0.72,0.8181818181818182,0.04,0.028718647922484464,18,1,24,7
gaussian_edge1,3,100,auto,auto,0.9088,0.875,0.84,0.8571428571428571,0.12,0.008525200617108486,21,3,22,4
gaussian_edge1,3,100,auto,0.01,0.9088,0.875,0.84,0.8571428571428571,0.12,-0.14044389426676163,21,3,22,4
gaussian_edge1,3,100,auto,0.05,0.9088,0.875,0.84,0.8571428571428571,0.12,-0.014377658832896545,21,3,22,4
gaussian_edge1,3,100,auto,0.1,0.9088,0.875,0.84,0.8571428571428571,0.12,-0.00048669464759731884,21,3,22,4
gaussian_edge1,3,100,0.5,auto,0.8896,0.8695652173913043,0.8,0.8333333333333334,0.12,0.020652113631527302,20,3,22,5
gaussian_edge1,3,100,0.5,0.01,0.8896,0.8695652173913043,0.8,0.8333333333333334,0.12,-0.13714479651693878,20,3,22,5
gaussian_edge1,3,100,0.5,0.05,0.8896,0.8695652173913043,0.8,0.8333333333333334,0.12,-0.01312388249523555,20,3,22,5
gaussian_edge1,3,100,0.5,0.1,0.8896,0.8695652173913043,0.8,0.8333333333333334,0.12,-0.005512270329894098,20,3,22,5
gaussian_edge1,3,100,1.0,auto,0.9088,0.875,0.84,0.8571428571428571,0.12,0.008525200617108486,21,3,22,4
gaussian_edge1,3,100,1.0,0.01,0.9088,0.875,0.84,0.8571428571428571,0.12,-0.14044389426676163,21,3,22,4
gaussian_edge1,3,100,1.0,0.05,0.9088,0.875,0.84,0.8571428571428571,0.12,-0.014377658832896545,21,3,22,4
gaussian_edge1,3,100,1.0,0.1,0.9088,0.875,0.84,0.8571428571428571,0.12,-0.00048669464759731884,21,3,22,4
gaussian_edge1,3,200,auto,auto,0.9072,0.84,0.84,0.84,0.16,-0.006564307797782609,21,4,21,4
gaussian_edge1,3,200,auto,0.01,0.9072,0.84,0.84,0.84,0.16,-0.16405662056559633,21,4,21,4
gaussian_edge1,3,200,auto,0.05,0.9072,0.84,0.84,0.84,0.16,-0.03369681727684559,21,4,21,4
gaussian_edge1,3,200,auto,0.1,0.9072,0.84,0.84,0.84,0.16,-0.013242518401912373,21,4,21,4
gaussian_edge1,3,200,0.5,auto,0.8896,0.9473684210526315,0.72,0.8181818181818182,0.04,0.04201418226898668,18,1,24,7
gaussian_edge1,3,200,0.5,0.01,0.8896,0.9473684210526315,0.72,0.8181818181818182,0.04,-0.12195077584063563,18,1,24,7
gaussian_edge1,3,200,0.5,0.05,0.8896,0.9473684210526315,0.72,0.8181818181818182,0.04,0.01185390972446243,18,1,24,7
gaussian_edge1,3,200,0.5,0.1,0.8896,0.9473684210526315,0.72,0.8181818181818182,0.04,0.01945582852393546,18,1,24,7
gaussian_edge1,3,200,1.0,auto,0.9072,0.84,0.84,0.84,0.16,-0.006564307797782609,21,4,21,4
gaussian_edge1,3,200,1.0,0.01,0.9072,0.84,0.84,0.84,0.16,-0.16405662056559633,21,4,21,4
gaussian_edge1,3,200,1.0,0.05,0.9072,0.84,0.84,0.84,0.16,-0.03369681727684559,21,4,21,4
gaussian_edge1,3,200,1.0,0.1,0.9072,0.84,0.84,0.84,0.16,-0.013242518401912373,21,4,21,4
gaussian_edge1,3,500,auto,auto,0.9088,0.84,0.84,0.84,0.16,-0.003213120419380433,21,4,21,4
gaussian_edge1,3,500,auto,0.01,0.9088,0.84,0.84,0.84,0.16,-0.15611955325838484,21,4,21,4
gaussian_edge1,3,500,auto,0.05,0.9088,0.84,0.84,0.84,0.16,-0.024977590745472067,21,4,21,4
gaussian_edge1,3,500,auto,0.1,0.9088,0.84,0.84,0.84,0.16,-0.013677094261296763,21,4,21,4
gaussian_edge1,3,500,0.5,auto,0.888,0.8076923076923077,0.84,0.8235294117647058,0.2,0.0023580141697799872,21,5,20,4
gaussian_edge1,3,500,0.5,0.01,0.888,0.8076923076923077,0.84,0.8235294117647058,0.2,-0.15645509038395222,21,5,20,4
gaussian_edge1,3,500,0.5,0.05,0.888,0.8076923076923077,0.84,0.8235294117647058,0.2,-0.033088112860680474,21,5,20,4
gaussian_edge1,3,500,0.5,0.1,0.888,0.8076923076923077,0.84,0.8235294117647058,0.2,-0.023484858073558934,21,5,20,4
gaussian_edge1,3,500,1.0,auto,0.9088,0.84,0.84,0.84,0.16,-0.003213120419380433,21,4,21,4
gaussian_edge1,3,500,1.0,0.01,0.9088,0.84,0.84,0.84,0.16,-0.15611955325838484,21,4,21,4
gaussian_edge1,3,500,1.0,0.05,0.9088,0.84,0.84,0.84,0.16,-0.024977590745472067,21,4,21,4
gaussian_edge1,3,500,1.0,0.1,0.9088,0.84,0.84,0.84,0.16,-0.013677094261296763,21,4,21,4
gaussian_edge1,4,100,auto,auto,0.8320000000000001,0.6764705882352942,0.92,0.7796610169491526,0.44,-0.05117350968010048,23,11,14,2
gaussian_edge1,4,100,auto,0.01,0.8320000000000001,0.6764705882352942,0.92,0.7796610169491526,0.44,-0.21617528326810342,23,11,14,2
gaussian_edge1,4,100,auto,0.05,0.8320000000000001,0.6764705882352942,0.92,0.7796610169491526,0.44,-0.07091288141430241,23,11,14,2
gaussian_edge1,4,100,auto,0.1,0.8320000000000001,0.6764705882352942,0.92,0.7796610169491526,0.44,-0.06326330334350116,23,11,14,2
gaussian_edge1,4,100,0.5,auto,0.832,0.6410256410256411,1.0,0.78125,0.56,-0.0645910494939666,25,14,11,0
gaussian_edge1,4,100,0.5,0.01,0.832,0.6410256410256411,1.0,0.78125,0.56,-0.19553763711617894,25,14,11,0
gaussian_edge1,4,100,0.5,0.05,0.832,0.6410256410256411,1.0,0.78125,0.56,-0.11611067339829845,25,14,11,0
gaussian_edge1,4,100,0.5,0.1,0.832,0.6410256410256411,1.0,0.78125,0.56,-0.10620123464140424,25,14,11,0
gaussian_edge1,4,100,1.0,auto,0.8320000000000001,0.6764705882352942,0.92,0.7796610169491526,0.44,-0.05117350968010048,23,11,14,2
gaussian_edge1,4,100,1.0,0.01,0.8320000000000001,0.6764705882352942,0.92,0.7796610169491526,0.44,-0.21617528326810342,23,11,14,2
gaussian_edge1,4,100,1.0,0.05,0.8320000000000001,0.6764705882352942,0.92,0.7796610169491526,0.44,-0.07091288141430241,23,11,14,2
gaussian_edge1,4,100,1.0,0.1,0.8320000000000001,0.6764705882352942,0.92,0.7796610169491526,0.44,-0.06326330334350116,23,11,14,2
gaussian_edge1,4,200,auto,auto,0.8528,0.696969696969697,0.92,0.7931034482758621,0.4,-0.03764151979191266,23,10,15,2
gaussian_edge1,4,200,auto,0.01,0.8528,0.696969696969697,0.92,0.7931034482758621,0.4,-0.20003020094023205,23,10,15,2
gaussian_edge1,4,200,auto,0.05,0.8528,0.696969696969697,0.92,0.7931034482758621,0.4,-0.05751063708888304,23,10,15,2
gaussian_edge1,4,200,auto,0.1,0.8528,0.696969696969697,0.92,0.7931034482758621,0.4,-0.0479533215393384,23,10,15,2
gaussian_edge1,4,200,0.5,auto,0.8464,0.8260869565217391,0.76,0.7916666666666666,0.16,0.035071506427052146,19,4,21,6
gaussian_edge1,4,200,0.5,0.01,0.8464,0.8260869565217391,0.76,0.7916666666666666,0.16,-0.11047466520315463,19,4,21,6
gaussian_edge1,4,200,0.5,0.05,0.8464,0.8260869565217391,0.76,0.7916666666666666,0.16,-0.012930346893304079,19,4,21,6
gaussian_edge1,4,200,0.5,0.1,0.8464,0.8260869565217391,0.76,0.7916666666666666,0.16,0.003870981522747563,19,4,21,6
gaussian_edge1,4,200,1.0,auto,0.8528,0.696969696969697,0.92,0.7931034482758621,0.4,-0.03764151979191266,23,10,15,2
gaussian_edge1,4,200,1.0,0.01,0.8528,0.696969696969697,0.92,0.7931034482758621,0.4,-0.20003020094023205,23,10,15,2
gaussian_edge1,4,200,1.0,0.05,0.8528,0.696969696969697,0.92,0.7931034482758621,0.4,-0.05751063708888304,23,10,15,2
gaussian_edge1,4,200,1.0,0.1,0.8528,0.696969696969697,0.92,0.7931034482758621,0.4,-0.0479533215393384,23,10,15,2
gaussian_edge1,4,500,auto,auto,0.8592,0.9473684210526315,0.72,0.8181818181818182,0.04,0.03840482664876621,18,1,24,7
gaussian_edge1,4,500,auto,0.01,0.8592,0.9473684210526315,0.72,0.8181818181818182,0.04,-0.12031581501678745,18,1,24,7
gaussian_edge1,4,500,auto,0.05,0.8592,0.9473684210526315,0.72,0.8181818181818182,0.04,0.014778467335888612,18,1,24,7
gaussian_edge1,4,500,auto,0.1,0.8592,0.9473684210526315,0.72,0.8181818181818182,0.04,0.02958981343482836,18,1,24,7
gaussian_edge1,4,500,0.5,auto,0.8576,0.8636363636363636,0.76,0.8085106382978723,0.12,0.042682048532180494,19,3,22,6
gaussian_edge1,4,500,0.5,0.01,0.8576,0.8636363636363636,0.76,0.8085106382978723,0.12,-0.09352201611069855,19,3,22,6
gaussian_edge1,4,500,0.5,0.05,0.8576,0.8636363636363636,0.76,0.8085106382978723,0.12,-0.0035917308952951865,19,3,22,6
gaussian_edge1,4,500,0.5,0.1,0.8576,0.8636363636363636,0.76,0.8085106382978723,0.12,0.010630076540458111,19,3,22,6
gaussian_edge1,4,500,1.0,auto,0.8592,0.9473684210526315,0.72,0.8181818181818182,0.04,0.03840482664876621,18,1,24,7
gaussian_edge1,4,500,1.0,0.01,0.8592,0.9473684210526315,0.72,0.8181818181818182,0.04,-0.12031581501678745,18,1,24,7
gaussian_edge1,4,500,1.0,0.05,0.8592,0.9473684210526315,0.72,0.8181818181818182,0.04,0.014778467335888612,18,1,24,7
gaussian_edge1,4,500,1.0,0.1,0.8592,0.9473684210526315,0.72,0.8181818181818182,0.04,0.02958981343482836,18,1,24,7
mask_edge0,0,100,auto,auto,0.9104,0.9130434782608695,0.84,0.875,0.08,-0.0030170826817713103,21,2,23,4
mask_edge0,0,100,auto,0.01,0.9104,0.9130434782608695,0.84,0.875,0.08,-0.16150157225027845,21,2,23,4
mask_edge0,0,100,auto,0.05,0.9104,0.9130434782608695,0.84,0.875,0.08,-0.03987280749279781,21,2,23,4
mask_edge0,0,100,auto,0.1,0.9104,0.9130434782608695,0.84,0.875,0.08,-0.009285984832073824,21,2,23,4
mask_edge0,0,100,0.5,auto,0.872,0.8333333333333334,0.8,0.8163265306122449,0.16,0.008581735382087285,20,4,21,5
mask_edge0,0,100,0.5,0.01,0.872,0.8333333333333334,0.8,0.8163265306122449,0.16,-0.15646266927283492,20,4,21,5
mask_edge0,0,100,0.5,0.05,0.872,0.8333333333333334,0.8,0.8163265306122449,0.16,-0.04814310017725232,20,4,21,5
mask_edge0,0,100,0.5,0.1,0.872,0.8333333333333334,0.8,0.8163265306122449,0.16,-0.015471551662188054,20,4,21,5
mask_edge0,0,100,1.0,auto,0.9104,0.9130434782608695,0.84,0.875,0.08,-0.0030170826817713103,21,2,23,4
mask_edge0,0,100,1.0,0.01,0.9104,0.9130434782608695,0.84,0.875,0.08,-0.16150157225027845,21,2,23,4
mask_edge0,0,100,1.0,0.05,0.9104,0.9130434782608695,0.84,0.875,0.08,-0.03987280749279781,21,2,23,4
mask_edge0,0,100,1.0,0.1,0.9104,0.9130434782608695,0.84,0.875,0.08,-0.009285984832073824,21,2,23,4
mask_edge0,0,200,auto,auto,0.9168,0.8518518518518519,0.92,0.8846153846153846,0.16,-0.01023318767838538,23,4,21,2
mask_edge0,0,200,auto,0.01,0.9168,0.8518518518518519,0.92,0.8846153846153846,0.16,-0.15404368936159002,23,4,21,2
mask_edge0,0,200,auto,0.05,0.9168,0.8518518518518519,0.92,0.8846153846153846,0.16,-0.05416941862007324,23,4,21,2
mask_edge0,0,200,auto,0.1,0.9168,0.8518518518518519,0.92,0.8846153846153846,0.16,-0.016337915370094047,23,4,21,2
mask_edge0,0,200,0.5,auto,0.8704,0.8636363636363636,0.76,0.8085106382978723,0.12,0.01880296833999795,19,3,22,6
mask_edge0,0,200,0.5,0.01,0.8704,0.8636363636363636,0.76,0.8085106382978723,0.12,-0.12444636790899188,19,3,22,6
mask_edge0,0,200,0.5,0.05,0.8704,0.8636363636363636,0.76,0.8085106382978723,0.12,-0.03970250649210205,19,3,22,6
mask_edge0,0,200,0.5,0.1,0.8704,0.8636363636363636,0.76,0.8085106382978723,0.12,-0.006362288609867872,19,3,22,6
mask_edge0,0,200,1.0,auto,0.9168,0.8518518518518519,0.92,0.8846153846153846,0.16,-0.01023318767838538,23,4,21,2
mask_edge0,0,200,1.0,0.01,0.9168,0.8518518518518519,0.92,0.8846153846153846,0.16,-0.15404368936159002,23,4,21,2
mask_edge0,0,200,1.0,0.05,0.9168,0.8518518518518519,0.92,0.8846153846153846,0.16,-0.05416941862007324,23,4,21,2
mask_edge0,0,200,1.0,0.1,0.9168,0.8518518518518519,0.92,0.8846153846153846,0.16,-0.016337915370094047,23,4,21,2
mask_edge0,0,500,auto,auto,0.9136,0.7931034482758621,0.92,0.8518518518518519,0.24,-0.012622781451658294,23,6,19,2
mask_edge0,0,500,auto,0.01,0.9136,0.7931034482758621,0.92,0.8518518518518519,0.24,-0.16000537479306032,23,6,19,2
mask_edge0,0,500,auto,0.05,0.9136,0.7931034482758621,0.92,0.8518518518518519,0.24,-0.05621601748284366,23,6,19,2
mask_edge0,0,500,auto,0.1,0.9136,0.7931034482758621,0.92,0.8518518518518519,0.24,-0.024555467817147902,23,6,19,2
mask_edge0,0,500,0.5,auto,0.8816,0.7419354838709677,0.92,0.8214285714285714,0.32,-0.00808325398482429,23,8,17,2
mask_edge0,0,500,0.5,0.01,0.8816,0.7419354838709677,0.92,0.8214285714285714,0.32,-0.15539822023955768,23,8,17,2
mask_edge0,0,500,0.5,0.05,0.8816,0.7419354838709677,0.92,0.8214285714285714,0.32,-0.060228678036480965,23,8,17,2
mask_edge0,0,500,0.5,0.1,0.8816,0.7419354838709677,0.92,0.8214285714285714,0.32,-0.036352334836142475,23,8,17,2
mask_edge0,0,500,1.0,auto,0.9136,0.7931034482758621,0.92,0.8518518518518519,0.24,-0.012622781451658294,23,6,19,2
mask_edge0,0,500,1.0,0.01,0.9136,0.7931034482758621,0.92,0.8518518518518519,0.24,-0.16000537479306032,23,6,19,2
mask_edge0,0,500,1.0,0.05,0.9136,0.7931034482758621,0.92,0.8518518518518519,0.24,-0.05621601748284366,23,6,19,2
mask_edge0,0,500,1.0,0.1,0.9136,0.7931034482758621,0.92,0.8518518518518519,0.24,-0.024555467817147902,23,6,19,2
mask_edge0,1,100,auto,auto,0.8960000000000001,0.8148148148148148,0.88,0.8461538461538461,0.2,0.007198155057895228,22,5,20,3
mask_edge0,1,100,auto,0.01,0.8960000000000001,0.8148148148148148,0.88,0.8461538461538461,0.2,-0.12541715453219682,22,5,20,3
mask_edge0,1,100,auto,0.05,0.8960000000000001,0.8148148148148148,0.88,0.8461538461538461,0.2,-0.0510492773534158,22,5,20,3
mask_edge0,1,100,auto,0.1,0.8960000000000001,0.8148148148148148,0.88,0.8461538461538461,0.2,-0.01103486171731971,22,5,20,3
mask_edge0,1,100,0.5,auto,0.8656,1.0,0.68,0.8095238095238095,0.0,0.05910257401730279,17,0,25,8
mask_edge0,1,100,0.5,0.01,0.8656,1.0,0.68,0.8095238095238095,0.0,-0.06991961707028971,17,0,25,8
mask_edge0,1,100,0.5,0.05,0.8656,1.0,0.68,0.8095238095238095,0.0,-0.0046510012934702916,17,0,25,8
mask_edge0,1,100,0.5,0.1,0.8656,1.0,0.68,0.8095238095238095,0.0,0.0171672976876569,17,0,25,8
mask_edge0,1,100,1.0,auto,0.8960000000000001,0.8148148148148148,0.88,0.8461538461538461,0.2,0.007198155057895228,22,5,20,3
mask_edge0,1,100,1.0,0.01,0.8960000000000001,0.8148148148148148,0.88,0.8461538461538461,0.2,-0.12541715453219682,22,5,20,3
mask_edge0,1,100,1.0,0.05,0.8960000000000001,0.8148148148148148,0.88,0.8461538461538461,0.2,-0.0510492773534158,22,5,20,3
mask_edge0,1,100,1.0,0.1,0.8960000000000001,0.8148148148148148,0.88,0.8461538461538461,0.2,-0.01103486171731971,22,5,20,3
mask_edge0,1,200,auto,auto,0.8944,0.7931034482758621,0.92,0.8518518518518519,0.24,0.0010138091626682444,23,6,19,2
mask_edge0,1,200,auto,0.01,0.8944,0.7931034482758621,0.92,0.8518518518518519,0.24,-0.13961776671393855,23,6,19,2
mask_edge0,1,200,auto,0.05,0.8944,0.7931034482758621,0.92,0.8518518518518519,0.24,-0.05529635300813396,23,6,19,2
mask_edge0,1,200,auto,0.1,0.8944,0.7931034482758621,0.92,0.8518518518518519,0.24,-0.02315259613134213,23,6,19,2
mask_edge0,1,200,0.5,auto,0.8832,1.0,0.72,0.8372093023255814,0.0,0.054423700433926525,18,0,25,7
mask_edge0,1,200,0.5,0.01,0.8832,1.0,0.72,0.8372093023255814,0.0,-0.08486604713777712,18,0,25,7
mask_edge0,1,200,0.5,0.05,0.8832,1.0,0.72,0.8372093023255814,0.0,-0.009949573677836221,18,0,25,7
mask_edge0,1,200,0.5,0.1,0.8832,1.0,0.72,0.8372093023255814,0.0,0.00939412841754339,18,0,25,7
mask_edge0,1,200,1.0,auto,0.8944,0.7931034482758621,0.92,0.8518518518518519,0.24,0.0010138091626682444,23,6,19,2
mask_edge0,1,200,1.0,0.01,0.8944,0.7931034482758621,0.92,0.8518518518518519,0.24,-0.13961776671393855,23,6,19,2
mask_edge0,1,200,1.0,0.05,0.8944,0.7931034482758621,0.92,0.8518518518518519,0.24,-0.05529635300813396,23,6,19,2
mask_edge0,1,200,1.0,0.1,0.8944,0.7931034482758621,0.92,0.8518518518518519,0.24,-0.02315259613134213,23,6,19,2
mask_edge0,1,500,auto,auto,0.8992,0.8148148148148148,0.88,0.8461538461538461,0.2,0.00271112310134769,22,5,20,3
mask_edge0,1,500,auto,0.01,0.8992,0.8148148148148148,0.88,0.8461538461538461,0.2,-0.12332233148231353,22,5,20,3
mask_edge0,1,500,auto,0.05,0.8992,0.8148148148148148,0.88,0.8461538461538461,0.2,-0.048593707666021446,22,5,20,3
mask_edge0,1,500,auto,0.1,0.8992,0.8148148148148148,0.88,0.8461538461538461,0.2,-0.015343564125295583,22,5,20,3
mask_edge0,1,500,0.5,auto,0.8815999999999999,0.9473684210526315,0.72,0.8181818181818182,0.04,0.04922973255288354,18,1,24,7
mask_edge0,1,500,0.5,0.01,0.8815999999999999,0.9473684210526315,0.72,0.8181818181818182,0.04,-0.08414754516639633,18,1,24,7
mask_edge0,1,500,0.5,0.05,0.8815999999999999,0.9473684210526315,0.72,0.8181818181818182,0.04,-0.018623597140763226,18,1,24,7
mask_edge0,1,500,0.5,0.1,0.8815999999999999,0.9473684210526315,0.72,0.8181818181818182,0.04,0.008903711391462732,18,1,24,7
mask_edge0,1,500,1.0,auto,0.8992,0.8148148148148148,0.88,0.8461538461538461,0.2,0.00271112310134769,22,5,20,3
mask_edge0,1,500,1.0,0.01,0.8992,0.8148148148148148,0.88,0.8461538461538461,0.2,-0.12332233148231353,22,5,20,3
mask_edge0,1,500,1.0,0.05,0.8992,0.8148148148148148,0.88,0.8461538461538461,0.2,-0.048593707666021446,22,5,20,3
mask_edge0,1,500,1.0,0.1,0.8992,0.8148148148148148,0.88,0.8461538461538461,0.2,-0.015343564125295583,22,5,20,3
mask_edge0,2,100,auto,auto,0.8448,0.75,0.84,0.7924528301886793,0.28,0.011357462000050056,21,7,18,4
mask_edge0,2,100,auto,0.01,0.8448,0.75,0.84,0.7924528301886793,0.28,-0.15323577096372798,21,7,18,4
mask_edge0,2,100,auto,0.05,0.8448,0.75,0.84,0.7924528301886793,0.28,-0.02181808017756004,21,7,18,4
mask_edge0,2,100,auto,0.1,0.8448,0.75,0.84,0.7924528301886793,0.28,-0.003190862713988274,21,7,18,4
mask_edge0,2,100,0.5,auto,0.8079999999999999,0.8260869565217391,0.76,0.7916666666666666,0.16,0.03900494412321476,19,4,21,6
mask_edge0,2,100,0.5,0.01,0.8079999999999999,0.8260869565217391,0.76,0.7916666666666666,0.16,-0.12803774819503844,19,4,21,6
mask_edge0,2,100,0.5,0.05,0.8079999999999999,0.8260869565217391,0.76,0.7916666666666666,0.16,-0.015220202342121292,19,4,21,6
mask_edge0,2,100,0.5,0.1,0.8079999999999999,0.8260869565217391,0.76,0.7916666666666666,0.16,0.008824495447674163,19,4,21,6
mask_edge0,2,100,1.0,auto,0.8448,0.75,0.84,0.7924528301886793,0.28,0.011357462000050056,21,7,18,4
mask_edge0,2,100,1.0,0.01,0.8448,0.75,0.84,0.7924528301886793,0.28,-0.15323577096372798,21,7,18,4
mask_edge0,2,100,1.0,0.05,0.8448,0.75,0.84,0.7924528301886793,0.28,-0.02181808017756004,21,7,18,4
mask_edge0,2,100,1.0,0.1,0.8448,0.75,0.84,0.7924528301886793,0.28,-0.003190862713988274,21,7,18,4
mask_edge0,2,200,auto,auto,0.8528,0.8333333333333334,0.8,0.8163265306122449,0.16,0.02507173087166381,20,4,21,5
mask_edge0,2,200,auto,0.01,0.8528,0.8333333333333334,0.8,0.8163265306122449,0.16,-0.13568110711384385,20,4,21,5
mask_edge0,2,200,auto,0.05,0.8528,0.8333333333333334,0.8,0.8163265306122449,0.16,-0.01492676911958113,20,4,21,5
mask_edge0,2,200,auto,0.1,0.8528,0.8333333333333334,0.8,0.8163265306122449,0.16,0.006731656055191215,20,4,21,5
mask_edge0,2,200,0.5,auto,0.8335999999999999,0.6875,0.88,0.7719298245614035,0.4,0.0038576609984064536,22,10,15,3
mask_edge0,2,200,0.5,0.01,0.8335999999999999,0.6875,0.88,0.7719298245614035,0.4,-0.15115711346975824,22,10,15,3
mask_edge0,2,200,0.5,0.05,0.8335999999999999,0.6875,0.88,0.7719298245614035,0.4,-0.05494587583040922,22,10,15,3
mask_edge0,2,200,0.5,0.1,0.8335999999999999,0.6875,0.88,0.7719298245614035,0.4,-0.03253129198243232,22,10,15,3
mask_edge0,2,200,1.0,auto,0.8528,0.8333333333333334,0.8,0.8163265306122449,0.16,0.02507173087166381,20,4,21,5
mask_edge0,2,200,1.0,0.01,0.8528,0.8333333333333334,0.8,0.8163265306122449,0.16,-0.13568110711384385,20,4,21,5
mask_edge0,2,200,1.0,0.05,0.8528,0.8333333333333334,0.8,0.8163265306122449,0.16,-0.01492676911958113,20,4,21,5
mask_edge0,2,200,1.0,0.1,0.8528,0.8333333333333334,0.8,0.8163265306122449,0.16,0.006731656055191215,20,4,21,5
mask_edge0,2,500,auto,auto,0.8512,0.8333333333333334,0.8,0.8163265306122449,0.16,0.024831405545345242,20,4,21,5
mask_edge0,2,500,auto,0.01,0.8512,0.8333333333333334,0.8,0.8163265306122449,0.16,-0.14299366275633507,20,4,21,5
mask_edge0,2,500,auto,0.05,0.8512,0.8333333333333334,0.8,0.8163265306122449,0.16,-0.014499438611652038,20,4,21,5
mask_edge0,2,500,auto,0.1,0.8512,0.8333333333333334,0.8,0.8163265306122449,0.16,0.013159883540013073,20,4,21,5
mask_edge0,2,500,0.5,auto,0.84,0.8260869565217391,0.76,0.7916666666666666,0.16,0.042338789829525436,19,4,21,6
mask_edge0,2,500,0.5,0.01,0.84,0.8260869565217391,0.76,0.7916666666666666,0.16,-0.10793503120742465,19,4,21,6
mask_edge0,2,500,0.5,0.05,0.84,0.8260869565217391,0.76,0.7916666666666666,0.16,-0.005104422196712699,19,4,21,6
mask_edge0,2,500,0.5,0.1,0.84,0.8260869565217391,0.76,0.7916666666666666,0.16,0.014081411201334548,19,4,21,6
mask_edge0,2,500,1.0,auto,0.8512,0.8333333333333334,0.8,0.8163265306122449,0.16,0.024831405545345242,20,4,21,5
mask_edge0,2,500,1.0,0.01,0.8512,0.8333333333333334,0.8,0.8163265306122449,0.16,-0.14299366275633507,20,4,21,5
mask_edge0,2,500,1.0,0.05,0.8512,0.8333333333333334,0.8,0.8163265306122449,0.16,-0.014499438611652038,20,4,21,5
mask_edge0,2,500,1.0,0.1,0.8512,0.8333333333333334,0.8,0.8163265306122449,0.16,0.013159883540013073,20,4,21,5
mask_edge0,3,100,auto,auto,0.9184,0.7666666666666667,0.92,0.8363636363636363,0.28,-0.016053817472423737,23,7,18,2
mask_edge0,3,100,auto,0.01,0.9184,0.7666666666666667,0.92,0.8363636363636363,0.28,-0.16373412250993769,23,7,18,2
mask_edge0,3,100,auto,0.05,0.9184,0.7666666666666667,0.92,0.8363636363636363,0.28,-0.043465387707020575,23,7,18,2
mask_edge0,3,100,auto,0.1,0.9184,0.7666666666666667,0.92,0.8363636363636363,0.28,-0.036017165360502146,23,7,18,2
mask_edge0,3,100,0.5,auto,0.9152,0.84,0.84,0.84,0.16,0.011493185887755275,21,4,21,4
mask_edge0,3,100,0.5,0.01,0.9152,0.84,0.84,0.84,0.16,-0.14244583068356664,21,4,21,4
mask_edge0,3,100,0.5,0.05,0.9152,0.84,0.84,0.84,0.16,-0.029879254414671097,21,4,21,4
mask_edge0,3,100,0.5,0.1,0.9152,0.84,0.84,0.84,0.16,-0.019815782372549662,21,4,21,4
mask_edge0,3,100,1.0,auto,0.9184,0.7666666666666667,0.92,0.8363636363636363,0.28,-0.016053817472423737,23,7,18,2
mask_edge0,3,100,1.0,0.01,0.9184,0.7666666666666667,0.92,0.8363636363636363,0.28,-0.16373412250993769,23,7,18,2
mask_edge0,3,100,1.0,0.05,0.9184,0.7666666666666667,0.92,0.8363636363636363,0.28,-0.043465387707020575,23,7,18,2
mask_edge0,3,100,1.0,0.1,0.9184,0.7666666666666667,0.92,0.8363636363636363,0.28,-0.036017165360502146,23,7,18,2
mask_edge0,3,200,auto,auto,0.9248,0.7931034482758621,0.92,0.8518518518518519,0.24,-0.011189956127715228,23,6,19,2
mask_edge0,3,200,auto,0.01,0.9248,0.7931034482758621,0.92,0.8518518518518519,0.24,-0.1608018028186987,23,6,19,2
mask_edge0,3,200,auto,0.05,0.9248,0.7931034482758621,0.92,0.8518518518518519,0.24,-0.04479737766429137,23,6,19,2
mask_edge0,3,200,auto,0.1,0.9248,0.7931034482758621,0.92,0.8518518518518519,0.24,-0.024927502198386797,23,6,19,2
mask_edge0,3,200,0.5,auto,0.9119999999999999,0.7857142857142857,0.88,0.8301886792452831,0.24,-0.0027983915801647052,22,6,19,3
mask_edge0,3,200,0.5,0.01,0.9119999999999999,0.7857142857142857,0.88,0.8301886792452831,0.24,-0.1587181383914893,22,6,19,3
mask_edge0,3,200,0.5,0.05,0.9119999999999999,0.7857142857142857,0.88,0.8301886792452831,0.24,-0.04501495399055877,22,6,19,3
mask_edge0,3,200,0.5,0.1,0.9119999999999999,0.7857142857142857,0.88,0.8301886792452831,0.24,-0.03336264077533957,22,6,19,3
mask_edge0,3,200,1.0,auto,0.9248,0.7931034482758621,0.92,0.8518518518518519,0.24,-0.011189956127715228,23,6,19,2
mask_edge0,3,200,1.0,0.01,0.9248,0.7931034482758621,0.92,0.8518518518518519,0.24,-0.1608018028186987,23,6,19,2
mask_edge0,3,200,1.0,0.05,0.9248,0.7931034482758621,0.92,0.8518518518518519,0.24,-0.04479737766429137,23,6,19,2
mask_edge0,3,200,1.0,0.1,0.9248,0.7931034482758621,0.92,0.8518518518518519,0.24,-0.024927502198386797,23,6,19,2
mask_edge0,3,500,auto,auto,0.9248,0.8214285714285714,0.92,0.8679245283018868,0.2,-0.009251837848568367,23,5,20,2
mask_edge0,3,500,auto,0.01,0.9248,0.8214285714285714,0.92,0.8679245283018868,0.2,-0.15323759629019934,23,5,20,2
mask_edge0,3,500,auto,0.05,0.9248,0.8214285714285714,0.92,0.8679245283018868,0.2,-0.039488459929577,23,5,20,2
mask_edge0,3,500,auto,0.1,0.9248,0.8214285714285714,0.92,0.8679245283018868,0.2,-0.017236069151264466,23,5,20,2
mask_edge0,3,500,0.5,auto,0.9072,0.7666666666666667,0.92,0.8363636363636363,0.28,-0.012490309843623204,23,7,18,2
mask_edge0,3,500,0.5,0.01,0.9072,0.7666666666666667,0.92,0.8363636363636363,0.28,-0.1676365578191481,23,7,18,2
mask_edge0,3,500,0.5,0.05,0.9072,0.7666666666666667,0.92,0.8363636363636363,0.28,-0.06085138331956608,23,7,18,2
mask_edge0,3,500,0.5,0.1,0.9072,0.7666666666666667,0.92,0.8363636363636363,0.28,-0.04037044222917796,23,7,18,2
mask_edge0,3,500,1.0,auto,0.9248,0.8214285714285714,0.92,0.8679245283018868,0.2,-0.009251837848568367,23,5,20,2
mask_edge0,3,500,1.0,0.01,0.9248,0.8214285714285714,0.92,0.8679245283018868,0.2,-0.15323759629019934,23,5,20,2
mask_edge0,3,500,1.0,0.05,0.9248,0.8214285714285714,0.92,0.8679245283018868,0.2,-0.039488459929577,23,5,20,2
mask_edge0,3,500,1.0,0.1,0.9248,0.8214285714285714,0.92,0.8679245283018868,0.2,-0.017236069151264466,23,5,20,2
mask_edge0,4,100,auto,auto,0.8496,0.696969696969697,0.92,0.7931034482758621,0.4,-0.0043094661878458895,23,10,15,2
mask_edge0,4,100,auto,0.01,0.8496,0.696969696969697,0.92,0.7931034482758621,0.4,-0.1461159562339127,23,10,15,2
mask_edge0,4,100,auto,0.05,0.8496,0.696969696969697,0.92,0.7931034482758621,0.4,-0.04888666032383149,23,10,15,2
mask_edge0,4,100,auto,0.1,0.8496,0.696969696969697,0.92,0.7931034482758621,0.4,-0.027121015674237636,23,10,15,2
mask_edge0,4,100,0.5,auto,0.8384,0.7058823529411765,0.96,0.8135593220338984,0.4,-0.017402494535983415,24,10,15,1
mask_edge0,4,100,0.5,0.01,0.8384,0.7058823529411765,0.96,0.8135593220338984,0.4,-0.13396654626594662,24,10,15,1
mask_edge0,4,100,0.5,0.05,0.8384,0.7058823529411765,0.96,0.8135593220338984,0.4,-0.07837285406749772,24,10,15,1
mask_edge0,4,100,0.5,0.1,0.8384,0.7058823529411765,0.96,0.8135593220338984,0.4,-0.0681323464529151,24,10,15,1
mask_edge0,4,100,1.0,auto,0.8496,0.696969696969697,0.92,0.7931034482758621,0.4,-0.0043094661878458895,23,10,15,2
mask_edge0,4,100,1.0,0.01,0.8496,0.696969696969697,0.92,0.7931034482758621,0.4,-0.1461159562339127,23,10,15,2
mask_edge0,4,100,1.0,0.05,0.8496,0.696969696969697,0.92,0.7931034482758621,0.4,-0.04888666032383149,23,10,15,2
mask_edge0,4,100,1.0,0.1,0.8496,0.696969696969697,0.92,0.7931034482758621,0.4,-0.027121015674237636,23,10,15,2
mask_edge0,4,200,auto,auto,0.8416,0.696969696969697,0.92,0.7931034482758621,0.4,-0.014814869803503217,23,10,15,2
mask_edge0,4,200,auto,0.01,0.8416,0.696969696969697,0.92,0.7931034482758621,0.4,-0.15172396643230301,23,10,15,2
mask_edge0,4,200,auto,0.05,0.8416,0.696969696969697,0.92,0.7931034482758621,0.4,-0.059078830070986466,23,10,15,2
mask_edge0,4,200,auto,0.1,0.8416,0.696969696969697,0.92,0.7931034482758621,0.4,-0.03536449731477065,23,10,15,2
mask_edge0,4,200,0.5,auto,0.8191999999999999,0.696969696969697,0.92,0.7931034482758621,0.4,-0.004664066298485092,23,10,15,2
mask_edge0,4,200,0.5,0.01,0.8191999999999999,0.696969696969697,0.92,0.7931034482758621,0.4,-0.13887624609308807,23,10,15,2
mask_edge0,4,200,0.5,0.05,0.8191999999999999,0.696969696969697,0.92,0.7931034482758621,0.4,-0.06560274226515767,23,10,15,2
mask_edge0,4,200,0.5,0.1,0.8191999999999999,0.696969696969697,0.92,0.7931034482758621,0.4,-0.04781118610834384,23,10,15,2
mask_edge0,4,200,1.0,auto,0.8416,0.696969696969697,0.92,0.7931034482758621,0.4,-0.014814869803503217,23,10,15,2
mask_edge0,4,200,1.0,0.01,0.8416,0.696969696969697,0.92,0.7931034482758621,0.4,-0.15172396643230301,23,10,15,2
mask_edge0,4,200,1.0,0.05,0.8416,0.696969696969697,0.92,0.7931034482758621,0.4,-0.059078830070986466,23,10,15,2
mask_edge0,4,200,1.0,0.1,0.8416,0.696969696969697,0.92,0.7931034482758621,0.4,-0.03536449731477065,23,10,15,2
mask_edge0,4,500,auto,auto,0.8448,0.696969696969697,0.92,0.7931034482758621,0.4,-0.008186113842976905,23,10,15,2
mask_edge0,4,500,auto,0.01,0.8448,0.696969696969697,0.92,0.7931034482758621,0.4,-0.15682005412815375,23,10,15,2
mask_edge0,4,500,auto,0.05,0.8448,0.696969696969697,0.92,0.7931034482758621,0.4,-0.041888598220188145,23,10,15,2
mask_edge0,4,500,auto,0.1,0.8448,0.696969696969697,0.92,0.7931034482758621,0.4,-0.02311579097765254,23,10,15,2
mask_edge0,4,500,0.5,auto,0.8256,0.696969696969697,0.92,0.7931034482758621,0.4,-0.00911930244352116,23,10,15,2
mask_edge0,4,500,0.5,0.01,0.8256,0.696969696969697,0.92,0.7931034482758621,0.4,-0.1414709585674005,23,10,15,2
mask_edge0,4,500,0.5,0.05,0.8256,0.696969696969697,0.92,0.7931034482758621,0.4,-0.0695409049038887,23,10,15,2
mask_edge0,4,500,0.5,0.1,0.8256,0.696969696969697,0.92,0.7931034482758621,0.4,-0.04774949258530509,23,10,15,2
mask_edge0,4,500,1.0,auto,0.8448,0.696969696969697,0.92,0.7931034482758621,0.4,-0.008186113842976905,23,10,15,2
mask_edge0,4,500,1.0,0.01,0.8448,0.696969696969697,0.92,0.7931034482758621,0.4,-0.15682005412815375,23,10,15,2
mask_edge0,4,500,1.0,0.05,0.8448,0.696969696969697,0.92,0.7931034482758621,0.4,-0.041888598220188145,23,10,15,2
mask_edge0,4,500,1.0,0.1,0.8448,0.696969696969697,0.92,0.7931034482758621,0.4,-0.02311579097765254,23,10,15,2
mask_edge1,0,100,auto,auto,0.9104,0.9523809523809523,0.8,0.8695652173913043,0.04,-0.0021348657990397646,20,1,24,5
mask_edge1,0,100,auto,0.01,0.9104,0.9523809523809523,0.8,0.8695652173913043,0.04,-0.1539612001001125,20,1,24,5
mask_edge1,0,100,auto,0.05,0.9104,0.9523809523809523,0.8,0.8695652173913043,0.04,-0.028329684293910917,20,1,24,5
mask_edge1,0,100,auto,0.1,0.9104,0.9523809523809523,0.8,0.8695652173913043,0.04,-0.013092692014090246,20,1,24,5
mask_edge1,0,100,0.5,auto,0.9056000000000001,0.95,0.76,0.8444444444444444,0.04,0.020375936324275146,19,1,24,6
mask_edge1,0,100,0.5,0.01,0.9056000000000001,0.95,0.76,0.8444444444444444,0.04,-0.13874084326106506,19,1,24,6
mask_edge1,0,100,0.5,0.05,0.9056000000000001,0.95,0.76,0.8444444444444444,0.04,-0.017246110946501858,19,1,24,6
mask_edge1,0,100,0.5,0.1,0.9056000000000001,0.95,0.76,0.8444444444444444,0.04,-0.008487071433083249,19,1,24,6
mask_edge1,0,100,1.0,auto,0.9104,0.9523809523809523,0.8,0.8695652173913043,0.04,-0.0021348657990397646,20,1,24,5
mask_edge1,0,100,1.0,0.01,0.9104,0.9523809523809523,0.8,0.8695652173913043,0.04,-0.1539612001001125,20,1,24,5
mask_edge1,0,100,1.0,0.05,0.9104,0.9523809523809523,0.8,0.8695652173913043,0.04,-0.028329684293910917,20,1,24,5
mask_edge1,0,100,1.0,0.1,0.9104,0.9523809523809523,0.8,0.8695652173913043,0.04,-0.013092692014090246,20,1,24,5
mask_edge1,0,200,auto,auto,0.9024,0.9090909090909091,0.8,0.851063829787234,0.08,0.0007376722117341528,20,2,23,5
mask_edge1,0,200,auto,0.01,0.9024,0.9090909090909091,0.8,0.851063829787234,0.08,-0.13854161768386342,20,2,23,5
mask_edge1,0,200,auto,0.05,0.9024,0.9090909090909091,0.8,0.851063829787234,0.08,-0.02201098906319221,20,2,23,5
mask_edge1,0,200,auto,0.1,0.9024,0.9090909090909091,0.8,0.851063829787234,0.08,-0.006090487583461979,20,2,23,5
mask_edge1,0,200,0.5,auto,0.8896000000000001,0.9090909090909091,0.8,0.851063829787234,0.08,0.017121422157291732,20,2,23,5
mask_edge1,0,200,0.5,0.01,0.8896000000000001,0.9090909090909091,0.8,0.851063829787234,0.08,-0.13236910303892635,20,2,23,5
mask_edge1,0,200,0.5,0.05,0.8896000000000001,0.9090909090909091,0.8,0.851063829787234,0.08,-0.026089631053421658,20,2,23,5
mask_edge1,0,200,0.5,0.1,0.8896000000000001,0.9090909090909091,0.8,0.851063829787234,0.08,-0.010419143857568591,20,2,23,5
mask_edge1,0,200,1.0,auto,0.9024,0.9090909090909091,0.8,0.851063829787234,0.08,0.0007376722117341528,20,2,23,5
mask_edge1,0,200,1.0,0.01,0.9024,0.9090909090909091,0.8,0.851063829787234,0.08,-0.13854161768386342,20,2,23,5
mask_edge1,0,200,1.0,0.05,0.9024,0.9090909090909091,0.8,0.851063829787234,0.08,-0.02201098906319221,20,2,23,5
mask_edge1,0,200,1.0,0.1,0.9024,0.9090909090909091,0.8,0.851063829787234,0.08,-0.006090487583461979,20,2,23,5
mask_edge1,0,500,auto,auto,0.9152,1.0,0.8,0.8888888888888888,0.0,0.003827238052353077,20,0,25,5
mask_edge1,0,500,auto,0.01,0.9152,1.0,0.8,0.8888888888888888,0.0,-0.13695971902950754,20,0,25,5
mask_edge1,0,500,auto,0.05,0.9152,1.0,0.8,0.8888888888888888,0.0,-0.0177020920047386,20,0,25,5
mask_edge1,0,500,auto,0.1,0.9152,1.0,0.8,0.8888888888888888,0.0,-0.0021309085148185636,20,0,25,5
mask_edge1,0,500,0.5,auto,0.8912,1.0,0.72,0.8372093023255814,0.0,0.028647258687405364,18,0,25,7
mask_edge1,0,500,0.5,0.01,0.8912,1.0,0.72,0.8372093023255814,0.0,-0.11508439606400944,18,0,25,7
mask_edge1,0,500,0.5,0.05,0.8912,1.0,0.72,0.8372093023255814,0.0,-0.00638711097946576,18,0,25,7
mask_edge1,0,500,0.5,0.1,0.8912,1.0,0.72,0.8372093023255814,0.0,0.0065363230439488,18,0,25,7
mask_edge1,0,500,1.0,auto,0.9152,1.0,0.8,0.8888888888888888,0.0,0.003827238052353077,20,0,25,5
mask_edge1,0,500,1.0,0.01,0.9152,1.0,0.8,0.8888888888888888,0.0,-0.13695971902950754,20,0,25,5
mask_edge1,0,500,1.0,0.05,0.9152,1.0,0.8,0.8888888888888888,0.0,-0.0177020920047386,20,0,25,5
mask_edge1,0,500,1.0,0.1,0.9152,1.0,0.8,0.8888888888888888,0.0,-0.0021309085148185636,20,0,25,5
mask_edge1,1,100,auto,auto,0.88,0.8148148148148148,0.88,0.8461538461538461,0.2,-0.009055894438827872,22,5,20,3
mask_edge1,1,100,auto,0.01,0.88,0.8148148148148148,0.88,0.8461538461538461,0.2,-0.14645740053389827,22,5,20,3
mask_edge1,1,100,auto,0.05,0.88,0.8148148148148148,0.88,0.8461538461538461,0.2,-0.04553298774468478,22,5,20,3
mask_edge1,1,100,auto,0.1,0.88,0.8148148148148148,0.88,0.8461538461538461,0.2,-0.031828072068274704,22,5,20,3
mask_edge1,1,100,0.5,auto,0.8368,0.8571428571428571,0.72,0.782608695652174,0.12,0.029896836876722177,18,3,22,7
mask_edge1,1,100,0.5,0.01,0.8368,0.8571428571428571,0.72,0.782608695652174,0.12,-0.11714866786391709,18,3,22,7
mask_edge1,1,100,0.5,0.05,0.8368,0.8571428571428571,0.72,0.782608695652174,0.12,-0.020472547318844403,18,3,22,7
mask_edge1,1,100,0.5,0.1,0.8368,0.8571428571428571,0.72,0.782608695652174,0.12,-0.0061888209956190154,18,3,22,7
mask_edge1,1,100,1.0,auto,0.88,0.8148148148148148,0.88,0.8461538461538461,0.2,-0.009055894438827872,22,5,20,3
mask_edge1,1,100,1.0,0.01,0.88,0.8148148148148148,0.88,0.8461538461538461,0.2,-0.14645740053389827,22,5,20,3
mask_edge1,1,100,1.0,0.05,0.88,0.8148148148148148,0.88,0.8461538461538461,0.2,-0.04553298774468478,22,5,20,3
mask_edge1,1,100,1.0,0.1,0.88,0.8148148148148148,0.88,0.8461538461538461,0.2,-0.031828072068274704,22,5,20,3
mask_edge1,1,200,auto,auto,0.8655999999999999,0.8333333333333334,0.8,0.8163265306122449,0.16,0.009841039366256354,20,4,21,5
mask_edge1,1,200,auto,0.01,0.8655999999999999,0.8333333333333334,0.8,0.8163265306122449,0.16,-0.11931851150072137,20,4,21,5
mask_edge1,1,200,auto,0.05,0.8655999999999999,0.8333333333333334,0.8,0.8163265306122449,0.16,-0.027542189243020987,20,4,21,5
mask_edge1,1,200,auto,0.1,0.8655999999999999,0.8333333333333334,0.8,0.8163265306122449,0.16,-0.019754047370485583,20,4,21,5
mask_edge1,1,200,0.5,auto,0.8432,0.8947368421052632,0.68,0.7727272727272727,0.08,0.03586064586228854,17,2,23,8
mask_edge1,1,200,0.5,0.01,0.8432,0.8947368421052632,0.68,0.7727272727272727,0.08,-0.11114687578891602,17,2,23,8
mask_edge1,1,200,0.5,0.05,0.8432,0.8947368421052632,0.68,0.7727272727272727,0.08,-0.022661896737531828,17,2,23,8
mask_edge1,1,200,0.5,0.1,0.8432,0.8947368421052632,0.68,0.7727272727272727,0.08,0.002198227201875458,17,2,23,8
mask_edge1,1,200,1.0,auto,0.8655999999999999,0.8333333333333334,0.8,0.8163265306122449,0.16,0.009841039366256354,20,4,21,5
mask_edge1,1,200,1.0,0.01,0.8655999999999999,0.8333333333333334,0.8,0.8163265306122449,0.16,-0.11931851150072137,20,4,21,5
mask_edge1,1,200,1.0,0.05,0.8655999999999999,0.8333333333333334,0.8,0.8163265306122449,0.16,-0.027542189243020987,20,4,21,5
mask_edge1,1,200,1.0,0.1,0.8655999999999999,0.8333333333333334,0.8,0.8163265306122449,0.16,-0.019754047370485583,20,4,21,5
mask_edge1,1,500,auto,auto,0.8655999999999999,0.8636363636363636,0.76,0.8085106382978723,0.12,0.01591332474029228,19,3,22,6
mask_edge1,1,500,auto,0.01,0.8655999999999999,0.8636363636363636,0.76,0.8085106382978723,0.12,-0.10955535324486632,19,3,22,6
mask_edge1,1,500,auto,0.05,0.8655999999999999,0.8636363636363636,0.76,0.8085106382978723,0.12,-0.016579125172252684,19,3,22,6
mask_edge1,1,500,auto,0.1,0.8655999999999999,0.8636363636363636,0.76,0.8085106382978723,0.12,-0.006262984523376813,19,3,22,6
mask_edge1,1,500,0.5,auto,0.8384,0.7916666666666666,0.76,0.7755102040816326,0.2,0.026832645255931986,19,5,20,6
mask_edge1,1,500,0.5,0.01,0.8384,0.7916666666666666,0.76,0.7755102040816326,0.2,-0.11030287786328608,19,5,20,6
mask_edge1,1,500,0.5,0.05,0.8384,0.7916666666666666,0.76,0.7755102040816326,0.2,-0.03042333737658176,19,5,20,6
mask_edge1,1,500,0.5,0.1,0.8384,0.7916666666666666,0.76,0.7755102040816326,0.2,-0.007115318746281463,19,5,20,6
mask_edge1,1,500,1.0,auto,0.8655999999999999,0.8636363636363636,0.76,0.8085106382978723,0.12,0.01591332474029228,19,3,22,6
mask_edge1,1,500,1.0,0.01,0.8655999999999999,0.8636363636363636,0.76,0.8085106382978723,0.12,-0.10955535324486632,19,3,22,6
mask_edge1,1,500,1.0,0.05,0.8655999999999999,0.8636363636363636,0.76,0.8085106382978723,0.12,-0.016579125172252684,19,3,22,6
mask_edge1,1,500,1.0,0.1,0.8655999999999999,0.8636363636363636,0.76,0.8085106382978723,0.12,-0.006262984523376813,19,3,22,6
mask_edge1,2,100,auto,auto,0.8079999999999999,0.8947368421052632,0.68,0.7727272727272727,0.08,0.03381779802965523,17,2,23,8
mask_edge1,2,100,auto,0.01,0.8079999999999999,0.8947368421052632,0.68,0.7727272727272727,0.08,-0.13039947764092874,17,2,23,8
mask_edge1,2,100,auto,0.05,0.8079999999999999,0.8947368421052632,0.68,0.7727272727272727,0.08,0.0072435804389437974,17,2,23,8
mask_edge1,2,100,auto,0.1,0.8079999999999999,0.8947368421052632,0.68,0.7727272727272727,0.08,0.021960021554713327,17,2,23,8
mask_edge1,2,100,0.5,auto,0.7968,0.8260869565217391,0.76,0.7916666666666666,0.16,0.03766382457317419,19,4,21,6
mask_edge1,2,100,0.5,0.01,0.7968,0.8260869565217391,0.76,0.7916666666666666,0.16,-0.10052670365203054,19,4,21,6
mask_edge1,2,100,0.5,0.05,0.7968,0.8260869565217391,0.76,0.7916666666666666,0.16,-0.018075372241529664,19,4,21,6
mask_edge1,2,100,0.5,0.1,0.7968,0.8260869565217391,0.76,0.7916666666666666,0.16,-0.0005005376924174243,19,4,21,6
mask_edge1,2,100,1.0,auto,0.8079999999999999,0.8947368421052632,0.68,0.7727272727272727,0.08,0.03381779802965523,17,2,23,8
mask_edge1,2,100,1.0,0.01,0.8079999999999999,0.8947368421052632,0.68,0.7727272727272727,0.08,-0.13039947764092874,17,2,23,8
mask_edge1,2,100,1.0,0.05,0.8079999999999999,0.8947368421052632,0.68,0.7727272727272727,0.08,0.0072435804389437974,17,2,23,8
mask_edge1,2,100,1.0,0.1,0.8079999999999999,0.8947368421052632,0.68,0.7727272727272727,0.08,0.021960021554713327,17,2,23,8
mask_edge1,2,200,auto,auto,0.8304,0.9,0.72,0.8,0.08,0.03697667024613893,18,2,23,7
mask_edge1,2,200,auto,0.01,0.8304,0.9,0.72,0.8,0.08,-0.12996438519289977,18,2,23,7
mask_edge1,2,200,auto,0.05,0.8304,0.9,0.72,0.8,0.08,0.008973385549804536,18,2,23,7
mask_edge1,2,200,auto,0.1,0.8304,0.9,0.72,0.8,0.08,0.025028565355941224,18,2,23,7
mask_edge1,2,200,0.5,auto,0.8079999999999999,0.7916666666666666,0.76,0.7755102040816326,0.2,0.03402752331470693,19,5,20,6
mask_edge1,2,200,0.5,0.01,0.8079999999999999,0.7916666666666666,0.76,0.7755102040816326,0.2,-0.11113589313827377,19,5,20,6
mask_edge1,2,200,0.5,0.05,0.8079999999999999,0.7916666666666666,0.76,0.7755102040816326,0.2,-0.02027974190983306,19,5,20,6
mask_edge1,2,200,0.5,0.1,0.8079999999999999,0.7916666666666666,0.76,0.7755102040816326,0.2,-0.005134114385053179,19,5,20,6
mask_edge1,2,200,1.0,auto,0.8304,0.9,0.72,0.8,0.08,0.03697667024613893,18,2,23,7
mask_edge1,2,200,1.0,0.01,0.8304,0.9,0.72,0.8,0.08,-0.12996438519289977,18,2,23,7
mask_edge1,2,200,1.0,0.05,0.8304,0.9,0.72,0.8,0.08,0.008973385549804536,18,2,23,7
mask_edge1,2,200,1.0,0.1,0.8304,0.9,0.72,0.8,0.08,0.025028565355941224,18,2,23,7
mask_edge1,2,500,auto,auto,0.824,0.9,0.72,0.8,0.08,0.0334787454169545,18,2,23,7
mask_edge1,2,500,auto,0.01,0.824,0.9,0.72,0.8,0.08,-0.12405074769671776,18,2,23,7
mask_edge1,2,500,auto,0.05,0.824,0.9,0.72,0.8,0.08,0.006256473784092997,18,2,23,7
mask_edge1,2,500,auto,0.1,0.824,0.9,0.72,0.8,0.08,0.018448390604755782,18,2,23,7
mask_edge1,2,500,0.5,auto,0.8063999999999999,0.8260869565217391,0.76,0.7916666666666666,0.16,0.03620626860137388,19,4,21,6
mask_edge1,2,500,0.5,0.01,0.8063999999999999,0.8260869565217391,0.76,0.7916666666666666,0.16,-0.10636774182272712,19,4,21,6
mask_edge1,2,500,0.5,0.05,0.8063999999999999,0.8260869565217391,0.76,0.7916666666666666,0.16,-0.01086884768407903,19,4,21,6
mask_edge1,2,500,0.5,0.1,0.8063999999999999,0.8260869565217391,0.76,0.7916666666666666,0.16,0.003282450530509462,19,4,21,6
mask_edge1,2,500,1.0,auto,0.824,0.9,0.72,0.8,0.08,0.0334787454169545,18,2,23,7
mask_edge1,2,500,1.0,0.01,0.824,0.9,0.72,0.8,0.08,-0.12405074769671776,18,2,23,7
mask_edge1,2,500,1.0,0.05,0.824,0.9,0.72,0.8,0.08,0.006256473784092997,18,2,23,7
mask_edge1,2,500,1.0,0.1,0.824,0.9,0.72,0.8,0.08,0.018448390604755782,18,2,23,7
mask_edge1,3,100,auto,auto,0.9328000000000001,0.9130434782608695,0.84,0.875,0.08,0.012929737420518062,21,2,23,4
mask_edge1,3,100,auto,0.01,0.9328000000000001,0.9130434782608695,0.84,0.875,0.08,-0.14348297789557074,21,2,23,4
mask_edge1,3,100,auto,0.05,0.9328000000000001,0.9130434782608695,0.84,0.875,0.08,-0.011746040499319266,21,2,23,4
mask_edge1,3,100,auto,0.1,0.9328000000000001,0.9130434782608695,0.84,0.875,0.08,0.005231130851915178,21,2,23,4
mask_edge1,3,100,0.5,auto,0.9136,0.9090909090909091,0.8,0.851063829787234,0.08,0.02276822321588945,20,2,23,5
mask_edge1,3,100,0.5,0.01,0.9136,0.9090909090909091,0.8,0.851063829787234,0.08,-0.14414624935584797,20,2,23,5
mask_edge1,3,100,0.5,0.05,0.9136,0.9090909090909091,0.8,0.851063829787234,0.08,-0.023626569151629417,20,2,23,5
mask_edge1,3,100,0.5,0.1,0.9136,0.9090909090909091,0.8,0.851063829787234,0.08,-0.009104353570684842,20,2,23,5
mask_edge1,3,100,1.0,auto,0.9328000000000001,0.9130434782608695,0.84,0.875,0.08,0.012929737420518062,21,2,23,4
mask_edge1,3,100,1.0,0.01,0.9328000000000001,0.9130434782608695,0.84,0.875,0.08,-0.14348297789557074,21,2,23,4
mask_edge1,3,100,1.0,0.05,0.9328000000000001,0.9130434782608695,0.84,0.875,0.08,-0.011746040499319266,21,2,23,4
mask_edge1,3,100,1.0,0.1,0.9328000000000001,0.9130434782608695,0.84,0.875,0.08,0.005231130851915178,21,2,23,4
mask_edge1,3,200,auto,auto,0.9216,0.7931034482758621,0.92,0.8518518518518519,0.24,-0.014648063639340514,23,6,19,2
mask_edge1,3,200,auto,0.01,0.9216,0.7931034482758621,0.92,0.8518518518518519,0.24,-0.16980314339831043,23,6,19,2
mask_edge1,3,200,auto,0.05,0.9216,0.7931034482758621,0.92,0.8518518518518519,0.24,-0.04348279079015732,23,6,19,2
mask_edge1,3,200,auto,0.1,0.9216,0.7931034482758621,0.92,0.8518518518518519,0.24,-0.029856978992369332,23,6,19,2
mask_edge1,3,200,0.5,auto,0.9136,0.8148148148148148,0.88,0.8461538461538461,0.2,0.005982245484518978,22,5,20,3
mask_edge1,3,200,0.5,0.01,0.9136,0.8148148148148148,0.88,0.8461538461538461,0.2,-0.1495249167806072,22,5,20,3
mask_edge1,3,200,0.5,0.05,0.9136,0.8148148148148148,0.88,0.8461538461538461,0.2,-0.030921860738267415,22,5,20,3
mask_edge1,3,200,0.5,0.1,0.9136,0.8148148148148148,0.88,0.8461538461538461,0.2,-0.024864888836358956,22,5,20,3
mask_edge1,3,200,1.0,auto,0.9216,0.7931034482758621,0.92,0.8518518518518519,0.24,-0.014648063639340514,23,6,19,2
mask_edge1,3,200,1.0,0.01,0.9216,0.7931034482758621,0.92,0.8518518518518519,0.24,-0.16980314339831043,23,6,19,2
mask_edge1,3,200,1.0,0.05,0.9216,0.7931034482758621,0.92,0.8518518518518519,0.24,-0.04348279079015732,23,6,19,2
mask_edge1,3,200,1.0,0.1,0.9216,0.7931034482758621,0.92,0.8518518518518519,0.24,-0.029856978992369332,23,6,19,2
mask_edge1,3,500,auto,auto,0.9136,0.9090909090909091,0.8,0.851063829787234,0.08,0.01418773723290978,20,2,23,5
mask_edge1,3,500,auto,0.01,0.9136,0.9090909090909091,0.8,0.851063829787234,0.08,-0.13757019243298285,20,2,23,5
mask_edge1,3,500,auto,0.05,0.9136,0.9090909090909091,0.8,0.851063829787234,0.08,-0.010603831489908622,20,2,23,5
mask_edge1,3,500,auto,0.1,0.9136,0.9090909090909091,0.8,0.851063829787234,0.08,0.002597114376283738,20,2,23,5
mask_edge1,3,500,0.5,auto,0.9056,0.7857142857142857,0.88,0.8301886792452831,0.24,-0.005451263296582687,22,6,19,3
mask_edge1,3,500,0.5,0.01,0.9056,0.7857142857142857,0.88,0.8301886792452831,0.24,-0.16166069026433055,22,6,19,3
mask_edge1,3,500,0.5,0.05,0.9056,0.7857142857142857,0.88,0.8301886792452831,0.24,-0.04027688207598096,22,6,19,3
mask_edge1,3,500,0.5,0.1,0.9056,0.7857142857142857,0.88,0.8301886792452831,0.24,-0.03116964263775296,22,6,19,3
mask_edge1,3,500,1.0,auto,0.9136,0.9090909090909091,0.8,0.851063829787234,0.08,0.01418773723290978,20,2,23,5
mask_edge1,3,500,1.0,0.01,0.9136,0.9090909090909091,0.8,0.851063829787234,0.08,-0.13757019243298285,20,2,23,5
mask_edge1,3,500,1.0,0.05,0.9136,0.9090909090909091,0.8,0.851063829787234,0.08,-0.010603831489908622,20,2,23,5
mask_edge1,3,500,1.0,0.1,0.9136,0.9090909090909091,0.8,0.851063829787234,0.08,0.002597114376283738,20,2,23,5
mask_edge1,4,100,auto,auto,0.8544,0.6578947368421053,1.0,0.7936507936507936,0.52,-0.06257778609234882,25,13,12,0
mask_edge1,4,100,auto,0.01,0.8544,0.6578947368421053,1.0,0.7936507936507936,0.52,-0.23291965298714362,25,13,12,0
mask_edge1,4,100,auto,0.05,0.8544,0.6578947368421053,1.0,0.7936507936507936,0.52,-0.09619117017297202,25,13,12,0
mask_edge1,4,100,auto,0.1,0.8544,0.6578947368421053,1.0,0.7936507936507936,0.52,-0.07545357919052637,25,13,12,0
mask_edge1,4,100,0.5,auto,0.8224,0.6571428571428571,0.92,0.7666666666666667,0.48,-0.02996411262856974,23,12,13,2
mask_edge1,4,100,0.5,0.01,0.8224,0.6571428571428571,0.92,0.7666666666666667,0.48,-0.18130160597996042,23,12,13,2
mask_edge1,4,100,0.5,0.05,0.8224,0.6571428571428571,0.92,0.7666666666666667,0.48,-0.07351746743106874,23,12,13,2
mask_edge1,4,100,0.5,0.1,0.8224,0.6571428571428571,0.92,0.7666666666666667,0.48,-0.06547317153073645,23,12,13,2
mask_edge1,4,100,1.0,auto,0.8544,0.6578947368421053,1.0,0.7936507936507936,0.52,-0.06257778609234882,25,13,12,0
mask_edge1,4,100,1.0,0.01,0.8544,0.6578947368421053,1.0,0.7936507936507936,0.52,-0.23291965298714362,25,13,12,0
mask_edge1,4,100,1.0,0.05,0.8544,0.6578947368421053,1.0,0.7936507936507936,0.52,-0.09619117017297202,25,13,12,0
mask_edge1,4,100,1.0,0.1,0.8544,0.6578947368421053,1.0,0.7936507936507936,0.52,-0.07545357919052637,25,13,12,0
mask_edge1,4,200,auto,auto,0.8543999999999999,0.9,0.72,0.8,0.08,0.03174551810767856,18,2,23,7
mask_edge1,4,200,auto,0.01,0.8543999999999999,0.9,0.72,0.8,0.08,-0.1395839120072634,18,2,23,7
mask_edge1,4,200,auto,0.05,0.8543999999999999,0.9,0.72,0.8,0.08,0.001915622384043747,18,2,23,7
mask_edge1,4,200,auto,0.1,0.8543999999999999,0.9,0.72,0.8,0.08,0.020155319113543957,18,2,23,7
mask_edge1,4,200,0.5,auto,0.8336,0.6764705882352942,0.92,0.7796610169491526,0.44,-0.026756756386362823,23,11,14,2
mask_edge1,4,200,0.5,0.01,0.8336,0.6764705882352942,0.92,0.7796610169491526,0.44,-0.1719141138854226,23,11,14,2
mask_edge1,4,200,0.5,0.05,0.8336,0.6764705882352942,0.92,0.7796610169491526,0.44,-0.06696742673472417,23,11,14,2
mask_edge1,4,200,0.5,0.1,0.8336,0.6764705882352942,0.92,0.7796610169491526,0.44,-0.061182853150667016,23,11,14,2
mask_edge1,4,200,1.0,auto,0.8543999999999999,0.9,0.72,0.8,0.08,0.03174551810767856,18,2,23,7
mask_edge1,4,200,1.0,0.01,0.8543999999999999,0.9,0.72,0.8,0.08,-0.1395839120072634,18,2,23,7
mask_edge1,4,200,1.0,0.05,0.8543999999999999,0.9,0.72,0.8,0.08,0.001915622384043747,18,2,23,7
mask_edge1,4,200,1.0,0.1,0.8543999999999999,0.9,0.72,0.8,0.08,0.020155319113543957,18,2,23,7
mask_edge1,4,500,auto,auto,0.8528,0.9,0.72,0.8,0.08,0.03023298392431395,18,2,23,7
mask_edge1,4,500,auto,0.01,0.8528,0.9,0.72,0.8,0.08,-0.138132977053802,18,2,23,7
mask_edge1,4,500,auto,0.05,0.8528,0.9,0.72,0.8,0.08,-0.0068446621111498684,18,2,23,7
mask_edge1,4,500,auto,0.1,0.8528,0.9,0.72,0.8,0.08,0.017093282679520594,18,2,23,7
mask_edge1,4,500,0.5,auto,0.84,0.696969696969697,0.92,0.7931034482758621,0.4,-0.013649861516330075,23,10,15,2
mask_edge1,4,500,0.5,0.01,0.84,0.696969696969697,0.92,0.7931034482758621,0.4,-0.15405486739717833,23,10,15,2
mask_edge1,4,500,0.5,0.05,0.84,0.696969696969697,0.92,0.7931034482758621,0.4,-0.06459989322146342,23,10,15,2
mask_edge1,4,500,0.5,0.1,0.84,0.696969696969697,0.92,0.7931034482758621,0.4,-0.05266683000817829,23,10,15,2
mask_edge1,4,500,1.0,auto,0.8528,0.9,0.72,0.8,0.08,0.03023298392431395,18,2,23,7
mask_edge1,4,500,1.0,0.01,0.8528,0.9,0.72,0.8,0.08,-0.138132977053802,18,2,23,7
mask_edge1,4,500,1.0,0.05,0.8528,0.9,0.72,0.8,0.08,-0.0068446621111498684,18,2,23,7
mask_edge1,4,500,1.0,0.1,0.8528,0.9,0.72,0.8,0.08,0.017093282679520594,18,2,23,7
none_edge1,0,100,auto,auto,0.9087999999999999,0.88,0.88,0.88,0.12,-0.010583372446143546,22,3,22,3
none_edge1,0,100,auto,0.01,0.9087999999999999,0.88,0.88,0.88,0.12,-0.1345132354859762,22,3,22,3
none_edge1,0,100,auto,0.05,0.9087999999999999,0.88,0.88,0.88,0.12,-0.030778359889446494,22,3,22,3
none_edge1,0,100,auto,0.1,0.9087999999999999,0.88,0.88,0.88,0.12,-0.012103889179219951,22,3,22,3
none_edge1,0,100,0.5,auto,0.8768,0.95,0.76,0.8444444444444444,0.04,0.0230527787168463,19,1,24,6
none_edge1,0,100,0.5,0.01,0.8768,0.95,0.76,0.8444444444444444,0.04,-0.11428099448758389,19,1,24,6
none_edge1,0,100,0.5,0.05,0.8768,0.95,0.76,0.8444444444444444,0.04,-0.020100486609443746,19,1,24,6
none_edge1,0,100,0.5,0.1,0.8768,0.95,0.76,0.8444444444444444,0.04,-0.003868146958892593,19,1,24,6
none_edge1,0,100,1.0,auto,0.9087999999999999,0.88,0.88,0.88,0.12,-0.010583372446143546,22,3,22,3
none_edge1,0,100,1.0,0.01,0.9087999999999999,0.88,0.88,0.88,0.12,-0.1345132354859762,22,3,22,3
none_edge1,0,100,1.0,0.05,0.9087999999999999,0.88,0.88,0.88,0.12,-0.030778359889446494,22,3,22,3
none_edge1,0,100,1.0,0.1,0.9087999999999999,0.88,0.88,0.88,0.12,-0.012103889179219951,22,3,22,3
none_edge1,0,200,auto,auto,0.9008,0.8148148148148148,0.88,0.8461538461538461,0.2,-0.019816643465134343,22,5,20,3
none_edge1,0,200,auto,0.01,0.9008,0.8148148148148148,0.88,0.8461538461538461,0.2,-0.14575452119900667,22,5,20,3
none_edge1,0,200,auto,0.05,0.9008,0.8148148148148148,0.88,0.8461538461538461,0.2,-0.04758148934919659,22,5,20,3
none_edge1,0,200,auto,0.1,0.9008,0.8148148148148148,0.88,0.8461538461538461,0.2,-0.022397594247568264,22,5,20,3
none_edge1,0,200,0.5,auto,0.8735999999999999,0.95,0.76,0.8444444444444444,0.04,0.017113607719432267,19,1,24,6
none_edge1,0,200,0.5,0.01,0.8735999999999999,0.95,0.76,0.8444444444444444,0.04,-0.12113067585073911,19,1,24,6
none_edge1,0,200,0.5,0.05,0.8735999999999999,0.95,0.76,0.8444444444444444,0.04,-0.02770777846161132,19,1,24,6
none_edge1,0,200,0.5,0.1,0.8735999999999999,0.95,0.76,0.8444444444444444,0.04,-0.004315902107557612,19,1,24,6
none_edge1,0,200,1.0,auto,0.9008,0.8148148148148148,0.88,0.8461538461538461,0.2,-0.019816643465134343,22,5,20,3
none_edge1,0,200,1.0,0.01,0.9008,0.8148148148148148,0.88,0.8461538461538461,0.2,-0.14575452119900667,22,5,20,3
none_edge1,0,200,1.0,0.05,0.9008,0.8148148148148148,0.88,0.8461538461538461,0.2,-0.04758148934919659,22,5,20,3
none_edge1,0,200,1.0,0.1,0.9008,0.8148148148148148,0.88,0.8461538461538461,0.2,-0.022397594247568264,22,5,20,3
none_edge1,0,500,auto,auto,0.9023999999999999,0.9090909090909091,0.8,0.851063829787234,0.08,-0.0022041717971487684,20,2,23,5
none_edge1,0,500,auto,0.01,0.9023999999999999,0.9090909090909091,0.8,0.851063829787234,0.08,-0.13375656758784998,20,2,23,5
none_edge1,0,500,auto,0.05,0.9023999999999999,0.9090909090909091,0.8,0.851063829787234,0.08,-0.027268331180760608,20,2,23,5
none_edge1,0,500,auto,0.1,0.9023999999999999,0.9090909090909091,0.8,0.851063829787234,0.08,-0.004451991263344113,20,2,23,5
none_edge1,0,500,0.5,auto,0.88,1.0,0.76,0.8636363636363636,0.0,0.025413819795433668,19,0,25,6
none_edge1,0,500,0.5,0.01,0.88,1.0,0.76,0.8636363636363636,0.0,-0.11953142033157671,19,0,25,6
none_edge1,0,500,0.5,0.05,0.88,1.0,0.76,0.8636363636363636,0.0,-0.021352195626596848,19,0,25,6
none_edge1,0,500,0.5,0.1,0.88,1.0,0.76,0.8636363636363636,0.0,0.00024174022814349438,19,0,25,6
none_edge1,0,500,1.0,auto,0.9023999999999999,0.9090909090909091,0.8,0.851063829787234,0.08,-0.0022041717971487684,20,2,23,5
none_edge1,0,500,1.0,0.01,0.9023999999999999,0.9090909090909091,0.8,0.851063829787234,0.08,-0.13375656758784998,20,2,23,5
none_edge1,0,500,1.0,0.05,0.9023999999999999,0.9090909090909091,0.8,0.851063829787234,0.08,-0.027268331180760608,20,2,23,5
none_edge1,0,500,1.0,0.1,0.9023999999999999,0.9090909090909091,0.8,0.851063829787234,0.08,-0.004451991263344113,20,2,23,5
none_edge1,1,100,auto,auto,0.8575999999999999,0.8333333333333334,0.8,0.8163265306122449,0.16,-0.001695423229406301,20,4,21,5
none_edge1,1,100,auto,0.01,0.8575999999999999,0.8333333333333334,0.8,0.8163265306122449,0.16,-0.13775736833366103,20,4,21,5
none_edge1,1,100,auto,0.05,0.8575999999999999,0.8333333333333334,0.8,0.8163265306122449,0.16,-0.047689722690609226,20,4,21,5
none_edge1,1,100,auto,0.1,0.8575999999999999,0.8333333333333334,0.8,0.8163265306122449,0.16,-0.022879758059185518,20,4,21,5
none_edge1,1,100,0.5,auto,0.8336,0.8947368421052632,0.68,0.7727272727272727,0.08,0.05024215884344718,17,2,23,8
none_edge1,1,100,0.5,0.01,0.8336,0.8947368421052632,0.68,0.7727272727272727,0.08,-0.0880233498777937,17,2,23,8
none_edge1,1,100,0.5,0.05,0.8336,0.8947368421052632,0.68,0.7727272727272727,0.08,-0.01652745025729907,17,2,23,8
none_edge1,1,100,0.5,0.1,0.8336,0.8947368421052632,0.68,0.7727272727272727,0.08,0.013676051589605831,17,2,23,8
none_edge1,1,100,1.0,auto,0.8575999999999999,0.8333333333333334,0.8,0.8163265306122449,0.16,-0.001695423229406301,20,4,21,5
none_edge1,1,100,1.0,0.01,0.8575999999999999,0.8333333333333334,0.8,0.8163265306122449,0.16,-0.13775736833366103,20,4,21,5
none_edge1,1,100,1.0,0.05,0.8575999999999999,0.8333333333333334,0.8,0.8163265306122449,0.16,-0.047689722690609226,20,4,21,5
none_edge1,1,100,1.0,0.1,0.8575999999999999,0.8333333333333334,0.8,0.8163265306122449,0.16,-0.022879758059185518,20,4,21,5
none_edge1,1,200,auto,auto,0.8656,0.8636363636363636,0.76,0.8085106382978723,0.12,0.019259102532155126,19,3,22,6
none_edge1,1,200,auto,0.01,0.8656,0.8636363636363636,0.76,0.8085106382978723,0.12,-0.11838307663449987,19,3,22,6
none_edge1,1,200,auto,0.05,0.8656,0.8636363636363636,0.76,0.8085106382978723,0.12,-0.030460527738174648,19,3,22,6
none_edge1,1,200,auto,0.1,0.8656,0.8636363636363636,0.76,0.8085106382978723,0.12,-0.003951642718708515,19,3,22,6
none_edge1,1,200,0.5,auto,0.8191999999999999,0.8571428571428571,0.72,0.782608695652174,0.12,0.028739665865537,18,3,22,7
none_edge1,1,200,0.5,0.01,0.8191999999999999,0.8571428571428571,0.72,0.782608695652174,0.12,-0.11117554383977613,18,3,22,7
none_edge1,1,200,0.5,0.05,0.8191999999999999,0.8571428571428571,0.72,0.782608695652174,0.12,-0.03721088155630614,18,3,22,7
none_edge1,1,200,0.5,0.1,0.8191999999999999,0.8571428571428571,0.72,0.782608695652174,0.12,-0.005132403937443519,18,3,22,7
none_edge1,1,200,1.0,auto,0.8656,0.8636363636363636,0.76,0.8085106382978723,0.12,0.019259102532155126,19,3,22,6
none_edge1,1,200,1.0,0.01,0.8656,0.8636363636363636,0.76,0.8085106382978723,0.12,-0.11838307663449987,19,3,22,6
none_edge1,1,200,1.0,0.05,0.8656,0.8636363636363636,0.76,0.8085106382978723,0.12,-0.030460527738174648,19,3,22,6
none_edge1,1,200,1.0,0.1,0.8656,0.8636363636363636,0.76,0.8085106382978723,0.12,-0.003951642718708515,19,3,22,6
none_edge1,1,500,auto,auto,0.8672,0.9473684210526315,0.72,0.8181818181818182,0.04,0.030496746628826288,18,1,24,7
none_edge1,1,500,auto,0.01,0.8672,0.9473684210526315,0.72,0.8181818181818182,0.04,-0.10346426473057935,18,1,24,7
none_edge1,1,500,auto,0.05,0.8672,0.9473684210526315,0.72,0.8181818181818182,0.04,-0.0093509168990622,18,1,24,7
none_edge1,1,500,auto,0.1,0.8672,0.9473684210526315,0.72,0.8181818181818182,0.04,0.009245658776557142,18,1,24,7
none_edge1,1,500,0.5,auto,0.8464,0.9,0.72,0.8,0.08,0.02887111575066814,18,2,23,7
none_edge1,1,500,0.5,0.01,0.8464,0.9,0.72,0.8,0.08,-0.11745169410870548,18,2,23,7
none_edge1,1,500,0.5,0.05,0.8464,0.9,0.72,0.8,0.08,-0.026334495103025435,18,2,23,7
none_edge1,1,500,0.5,0.1,0.8464,0.9,0.72,0.8,0.08,-0.0006365898076917675,18,2,23,7
none_edge1,1,500,1.0,auto,0.8672,0.9473684210526315,0.72,0.8181818181818182,0.04,0.030496746628826288,18,1,24,7
none_edge1,1,500,1.0,0.01,0.8672,0.9473684210526315,0.72,0.8181818181818182,0.04,-0.10346426473057935,18,1,24,7
none_edge1,1,500,1.0,0.05,0.8672,0.9473684210526315,0.72,0.8181818181818182,0.04,-0.0093509168990622,18,1,24,7
none_edge1,1,500,1.0,0.1,0.8672,0.9473684210526315,0.72,0.8181818181818182,0.04,0.009245658776557142,18,1,24,7
none_edge1,2,100,auto,auto,0.8688,0.8148148148148148,0.88,0.8461538461538461,0.2,0.0072156511558466585,22,5,20,3
none_edge1,2,100,auto,0.01,0.8688,0.8148148148148148,0.88,0.8461538461538461,0.2,-0.15105230233321354,22,5,20,3
none_edge1,2,100,auto,0.05,0.8688,0.8148148148148148,0.88,0.8461538461538461,0.2,-0.016778623774261647,22,5,20,3
none_edge1,2,100,auto,0.1,0.8688,0.8148148148148148,0.88,0.8461538461538461,0.2,0.003199823078466224,22,5,20,3
none_edge1,2,100,0.5,auto,0.8160000000000001,0.9444444444444444,0.68,0.7906976744186046,0.04,0.06223486090327468,17,1,24,8
none_edge1,2,100,0.5,0.01,0.8160000000000001,0.9444444444444444,0.68,0.7906976744186046,0.04,-0.07292934500555226,17,1,24,8
none_edge1,2,100,0.5,0.05,0.8160000000000001,0.9444444444444444,0.68,0.7906976744186046,0.04,0.016482584738897965,17,1,24,8
none_edge1,2,100,0.5,0.1,0.8160000000000001,0.9444444444444444,0.68,0.7906976744186046,0.04,0.030550299646893153,17,1,24,8
none_edge1,2,100,1.0,auto,0.8688,0.8148148148148148,0.88,0.8461538461538461,0.2,0.0072156511558466585,22,5,20,3
none_edge1,2,100,1.0,0.01,0.8688,0.8148148148148148,0.88,0.8461538461538461,0.2,-0.15105230233321354,22,5,20,3
none_edge1,2,100,1.0,0.05,0.8688,0.8148148148148148,0.88,0.8461538461538461,0.2,-0.016778623774261647,22,5,20,3
none_edge1,2,100,1.0,0.1,0.8688,0.8148148148148148,0.88,0.8461538461538461,0.2,0.003199823078466224,22,5,20,3
none_edge1,2,200,auto,auto,0.8367999999999999,0.8636363636363636,0.76,0.8085106382978723,0.12,0.02022288528889471,19,3,22,6
none_edge1,2,200,auto,0.01,0.8367999999999999,0.8636363636363636,0.76,0.8085106382978723,0.12,-0.14228165014026506,19,3,22,6
none_edge1,2,200,auto,0.05,0.8367999999999999,0.8636363636363636,0.76,0.8085106382978723,0.12,-0.0027019468133977487,19,3,22,6
none_edge1,2,200,auto,0.1,0.8367999999999999,0.8636363636363636,0.76,0.8085106382978723,0.12,0.012436352153453845,19,3,22,6
none_edge1,2,200,0.5,auto,0.8096,0.9,0.72,0.8,0.08,0.04485893959820131,18,2,23,7
none_edge1,2,200,0.5,0.01,0.8096,0.9,0.72,0.8,0.08,-0.09941323884180786,18,2,23,7
none_edge1,2,200,0.5,0.05,0.8096,0.9,0.72,0.8,0.08,-0.004971690422141739,18,2,23,7
none_edge1,2,200,0.5,0.1,0.8096,0.9,0.72,0.8,0.08,0.008027450367744327,18,2,23,7
none_edge1,2,200,1.0,auto,0.8367999999999999,0.8636363636363636,0.76,0.8085106382978723,0.12,0.02022288528889471,19,3,22,6
none_edge1,2,200,1.0,0.01,0.8367999999999999,0.8636363636363636,0.76,0.8085106382978723,0.12,-0.14228165014026506,19,3,22,6
none_edge1,2,200,1.0,0.05,0.8367999999999999,0.8636363636363636,0.76,0.8085106382978723,0.12,-0.0027019468133977487,19,3,22,6
none_edge1,2,200,1.0,0.1,0.8367999999999999,0.8636363636363636,0.76,0.8085106382978723,0.12,0.012436352153453845,19,3,22,6
none_edge1,2,500,auto,auto,0.8304,0.9473684210526315,0.72,0.8181818181818182,0.04,0.03476426085674178,18,1,24,7
none_edge1,2,500,auto,0.01,0.8304,0.9473684210526315,0.72,0.8181818181818182,0.04,-0.12761822048552007,18,1,24,7
none_edge1,2,500,auto,0.05,0.8304,0.9473684210526315,0.72,0.8181818181818182,0.04,0.015673879878963515,18,1,24,7
none_edge1,2,500,auto,0.1,0.8304,0.9473684210526315,0.72,0.8181818181818182,0.04,0.029674093008527413,18,1,24,7
none_edge1,2,500,0.5,auto,0.8,0.9411764705882353,0.64,0.7619047619047619,0.04,0.049893689047130874,16,1,24,9
none_edge1,2,500,0.5,0.01,0.8,0.9411764705882353,0.64,0.7619047619047619,0.04,-0.08845781986395429,16,1,24,9
none_edge1,2,500,0.5,0.05,0.8,0.9411764705882353,0.64,0.7619047619047619,0.04,0.0009036188544410129,16,1,24,9
none_edge1,2,500,0.5,0.1,0.8,0.9411764705882353,0.64,0.7619047619047619,0.04,0.017261552425273496,16,1,24,9
none_edge1,2,500,1.0,auto,0.8304,0.9473684210526315,0.72,0.8181818181818182,0.04,0.03476426085674178,18,1,24,7
none_edge1,2,500,1.0,0.01,0.8304,0.9473684210526315,0.72,0.8181818181818182,0.04,-0.12761822048552007,18,1,24,7
none_edge1,2,500,1.0,0.05,0.8304,0.9473684210526315,0.72,0.8181818181818182,0.04,0.015673879878963515,18,1,24,7
none_edge1,2,500,1.0,0.1,0.8304,0.9473684210526315,0.72,0.8181818181818182,0.04,0.029674093008527413,18,1,24,7
none_edge1,3,100,auto,auto,0.9216,0.88,0.88,0.88,0.12,-0.010371950689976928,22,3,22,3
none_edge1,3,100,auto,0.01,0.9216,0.88,0.88,0.88,0.12,-0.17249804078874492,22,3,22,3
none_edge1,3,100,auto,0.05,0.9216,0.88,0.88,0.88,0.12,-0.03177667117197719,22,3,22,3
none_edge1,3,100,auto,0.1,0.9216,0.88,0.88,0.88,0.12,-0.017807539701772457,22,3,22,3
none_edge1,3,100,0.5,auto,0.8704,0.9473684210526315,0.72,0.8181818181818182,0.04,0.0435434666197404,18,1,24,7
none_edge1,3,100,0.5,0.01,0.8704,0.9473684210526315,0.72,0.8181818181818182,0.04,-0.11724813914317456,18,1,24,7
none_edge1,3,100,0.5,0.05,0.8704,0.9473684210526315,0.72,0.8181818181818182,0.04,-0.0043823746597023705,18,1,24,7
none_edge1,3,100,0.5,0.1,0.8704,0.9473684210526315,0.72,0.8181818181818182,0.04,0.01610861790379081,18,1,24,7
none_edge1,3,100,1.0,auto,0.9216,0.88,0.88,0.88,0.12,-0.010371950689976928,22,3,22,3
none_edge1,3,100,1.0,0.01,0.9216,0.88,0.88,0.88,0.12,-0.17249804078874492,22,3,22,3
none_edge1,3,100,1.0,0.05,0.9216,0.88,0.88,0.88,0.12,-0.03177667117197719,22,3,22,3
none_edge1,3,100,1.0,0.1,0.9216,0.88,0.88,0.88,0.12,-0.017807539701772457,22,3,22,3
none_edge1,3,200,auto,auto,0.9168000000000001,0.88,0.88,0.88,0.12,-0.008118430675225052,22,3,22,3
none_edge1,3,200,auto,0.01,0.9168000000000001,0.88,0.88,0.88,0.12,-0.16225520999219095,22,3,22,3
none_edge1,3,200,auto,0.05,0.9168000000000001,0.88,0.88,0.88,0.12,-0.038736209082850526,22,3,22,3
none_edge1,3,200,auto,0.1,0.9168000000000001,0.88,0.88,0.88,0.12,-0.017198430390235775,22,3,22,3
none_edge1,3,200,0.5,auto,0.8799999999999999,0.9473684210526315,0.72,0.8181818181818182,0.04,0.03255095964595367,18,1,24,7
none_edge1,3,200,0.5,0.01,0.8799999999999999,0.9473684210526315,0.72,0.8181818181818182,0.04,-0.1258964523951287,18,1,24,7
none_edge1,3,200,0.5,0.05,0.8799999999999999,0.9473684210526315,0.72,0.8181818181818182,0.04,-0.005883222271287236,18,1,24,7
none_edge1,3,200,0.5,0.1,0.8799999999999999,0.9473684210526315,0.72,0.8181818181818182,0.04,0.004542763463559973,18,1,24,7
none_edge1,3,200,1.0,auto,0.9168000000000001,0.88,0.88,0.88,0.12,-0.008118430675225052,22,3,22,3
none_edge1,3,200,1.0,0.01,0.9168000000000001,0.88,0.88,0.88,0.12,-0.16225520999219095,22,3,22,3
none_edge1,3,200,1.0,0.05,0.9168000000000001,0.88,0.88,0.88,0.12,-0.038736209082850526,22,3,22,3
none_edge1,3,200,1.0,0.1,0.9168000000000001,0.88,0.88,0.88,0.12,-0.017198430390235775,22,3,22,3
none_edge1,3,500,auto,auto,0.9136,0.9090909090909091,0.8,0.851063829787234,0.08,0.005769178505405925,20,2,23,5
none_edge1,3,500,auto,0.01,0.9136,0.9090909090909091,0.8,0.851063829787234,0.08,-0.14804471149325427,20,2,23,5
none_edge1,3,500,auto,0.05,0.9136,0.9090909090909091,0.8,0.851063829787234,0.08,-0.020709240980886667,20,2,23,5
none_edge1,3,500,auto,0.1,0.9136,0.9090909090909091,0.8,0.851063829787234,0.08,-0.003289199880949112,20,2,23,5
none_edge1,3,500,0.5,auto,0.8911999999999999,0.8076923076923077,0.84,0.8235294117647058,0.2,-0.0005507741156966506,21,5,20,4
none_edge1,3,500,0.5,0.01,0.8911999999999999,0.8076923076923077,0.84,0.8235294117647058,0.2,-0.16111361214627556,21,5,20,4
none_edge1,3,500,0.5,0.05,0.8911999999999999,0.8076923076923077,0.84,0.8235294117647058,0.2,-0.03946805817527471,21,5,20,4
none_edge1,3,500,0.5,0.1,0.8911999999999999,0.8076923076923077,0.84,0.8235294117647058,0.2,-0.03097547641955939,21,5,20,4
none_edge1,3,500,1.0,auto,0.9136,0.9090909090909091,0.8,0.851063829787234,0.08,0.005769178505405925,20,2,23,5
none_edge1,3,500,1.0,0.01,0.9136,0.9090909090909091,0.8,0.851063829787234,0.08,-0.14804471149325427,20,2,23,5
none_edge1,3,500,1.0,0.05,0.9136,0.9090909090909091,0.8,0.851063829787234,0.08,-0.020709240980886667,20,2,23,5
none_edge1,3,500,1.0,0.1,0.9136,0.9090909090909091,0.8,0.851063829787234,0.08,-0.003289199880949112,20,2,23,5
none_edge1,4,100,auto,auto,0.856,0.9,0.72,0.8,0.08,0.04321855968796373,18,2,23,7
none_edge1,4,100,auto,0.01,0.856,0.9,0.72,0.8,0.08,-0.13726488609300125,18,2,23,7
none_edge1,4,100,auto,0.05,0.856,0.9,0.72,0.8,0.08,-0.0009098852392586121,18,2,23,7
none_edge1,4,100,auto,0.1,0.856,0.9,0.72,0.8,0.08,0.0278787090661895,18,2,23,7
none_edge1,4,100,0.5,auto,0.8208,0.6764705882352942,0.92,0.7796610169491526,0.44,-0.0184458281143845,23,11,14,2
none_edge1,4,100,0.5,0.01,0.8208,0.6764705882352942,0.92,0.7796610169491526,0.44,-0.16519002433715962,23,11,14,2
none_edge1,4,100,0.5,0.05,0.8208,0.6764705882352942,0.92,0.7796610169491526,0.44,-0.08568857641915512,23,11,14,2
none_edge1,4,100,0.5,0.1,0.8208,0.6764705882352942,0.92,0.7796610169491526,0.44,-0.06806040950970688,23,11,14,2
none_edge1,4,100,1.0,auto,0.856,0.9,0.72,0.8,0.08,0.04321855968796373,18,2,23,7
none_edge1,4,100,1.0,0.01,0.856,0.9,0.72,0.8,0.08,-0.13726488609300125,18,2,23,7
none_edge1,4,100,1.0,0.05,0.856,0.9,0.72,0.8,0.08,-0.0009098852392586121,18,2,23,7
none_edge1,4,100,1.0,0.1,0.856,0.9,0.72,0.8,0.08,0.0278787090661895,18,2,23,7
none_edge1,4,200,auto,auto,0.8576,0.8,0.8,0.8,0.2,0.019652105949092613,20,5,20,5
none_edge1,4,200,auto,0.01,0.8576,0.8,0.8,0.8,0.2,-0.1563260176414596,20,5,20,5
none_edge1,4,200,auto,0.05,0.8576,0.8,0.8,0.8,0.2,-0.01750531794932475,20,5,20,5
none_edge1,4,200,auto,0.1,0.8576,0.8,0.8,0.8,0.2,0.007000786528003067,20,5,20,5
none_edge1,4,200,0.5,auto,0.8352,0.696969696969697,0.92,0.7931034482758621,0.4,-0.019923669879532535,23,10,15,2
none_edge1,4,200,0.5,0.01,0.8352,0.696969696969697,0.92,0.7931034482758621,0.4,-0.16485336034632447,23,10,15,2
none_edge1,4,200,0.5,0.05,0.8352,0.696969696969697,0.92,0.7931034482758621,0.4,-0.0766888371843163,23,10,15,2
none_edge1,4,200,0.5,0.1,0.8352,0.696969696969697,0.92,0.7931034482758621,0.4,-0.06178006724902951,23,10,15,2
none_edge1,4,200,1.0,auto,0.8576,0.8,0.8,0.8,0.2,0.019652105949092613,20,5,20,5
none_edge1,4,200,1.0,0.01,0.8576,0.8,0.8,0.8,0.2,-0.1563260176414596,20,5,20,5
none_edge1,4,200,1.0,0.05,0.8576,0.8,0.8,0.8,0.2,-0.01750531794932475,20,5,20,5
none_edge1,4,200,1.0,0.1,0.8576,0.8,0.8,0.8,0.2,0.007000786528003067,20,5,20,5
none_edge1,4,500,auto,auto,0.8528,0.696969696969697,0.92,0.7931034482758621,0.4,-0.023499171070442693,23,10,15,2
none_edge1,4,500,auto,0.01,0.8528,0.696969696969697,0.92,0.7931034482758621,0.4,-0.19389794955839784,23,10,15,2
none_edge1,4,500,auto,0.05,0.8528,0.696969696969697,0.92,0.7931034482758621,0.4,-0.05505241113370202,23,10,15,2
none_edge1,4,500,auto,0.1,0.8528,0.696969696969697,0.92,0.7931034482758621,0.4,-0.03763629607530811,23,10,15,2
none_edge1,4,500,0.5,auto,0.8336,0.696969696969697,0.92,0.7931034482758621,0.4,-0.01812773756534919,23,10,15,2
none_edge1,4,500,0.5,0.01,0.8336,0.696969696969697,0.92,0.7931034482758621,0.4,-0.1595350625224649,23,10,15,2
none_edge1,4,500,0.5,0.05,0.8336,0.696969696969697,0.92,0.7931034482758621,0.4,-0.07227994111951336,23,10,15,2
none_edge1,4,500,0.5,0.1,0.8336,0.696969696969697,0.92,0.7931034482758621,0.4,-0.060679476360574525,23,10,15,2
none_edge1,4,500,1.0,auto,0.8528,0.696969696969697,0.92,0.7931034482758621,0.4,-0.023499171070442693,23,10,15,2
none_edge1,4,500,1.0,0.01,0.8528,0.696969696969697,0.92,0.7931034482758621,0.4,-0.19389794955839784,23,10,15,2
none_edge1,4,500,1.0,0.05,0.8528,0.696969696969697,0.92,0.7931034482758621,0.4,-0.05505241113370202,23,10,15,2
none_edge1,4,500,1.0,0.1,0.8528,0.696969696969697,0.92,0.7931034482758621,0.4,-0.03763629607530811,23,10,15,2
